"","ModelID","species","RMSE_loo","dev.ex","AIC","Hit","variables","RMSE5","RMSE10","RMSE_combined"
"1",1,"Hake",1.878,0.0134,105.613022235514,0.4,"MLDyolk  ",2.07965233,1.79569952,7.63135185
"2",2,"Hake",1.874,0.0176,105.506192245459,0.52,"DDlarv  ",2.11367847,1.803154,7.66483247
"3",3,"Hake",1.906,0.0259,105.294507038199,0.4,"SSHjas.pre  ",2.36781091,2.13703731,8.31684822
"4",4,"Hake",1.886,0.0304,105.178173786534,0.44,"SSHmsn.pre  ",2.23119772,1.86152939,7.86472711
"5",5,"Hake",2.079,0.0243,105.333471568645,0.32,"SSHmsc  ",2.30182088,1.96884065,8.42866153
"6",6,"Hake",1.867,0.0383,104.974096464773,0.56,"CSTlaten  ",2.03635508,1.76311388,7.53346896
"7",7,"Hake",2.125,0.0313,105.589281999183,0.4,"SSHmss  ",1.95995918,1.82521795,8.69146904
"8",8,"Hake",1.869,0.0413,104.894978798552,0.44,"PUTpjuv  ",2.05482518,1.80778137,7.52317713
"9",9,"Hake",1.87,0.0309,105.165677602012,0.4,"DDyolk  ",2.14604144,1.79517051,7.70724383
"10",10,"Hake",2.165,0.0115,105.661044792613,0.48,"LSTegg  ",2.08773897,1.96043823,8.19260655
"11",11,"Hake",1.97,0.0348,105.599965558284,0.36,"CSTpjuvs  ",2.08466668,1.9765847,7.90440743
"12",12,"Hake",2.011,0.042,104.875932221847,0.32,"MLDlarv  ",2.53887298,2.12736061,7.96321195
"13",13,"Hake",2.062,0.0423,105.599824325736,0.2,"Tspawn  ",2.07965233,1.79569952,8.1721772
"14",14,"Hake",2.037,0.0491,105.511303827588,0.16,"DDspawn  ",2.07965233,1.79569952,8.13525138
"15",15,"Hake",1.937,0.0652,104.902384932162,0.4,"PUTlate  ",2.03635508,1.76311388,7.68108909
"16",16,"Hake",1.977,0.0821,104.909014462999,0.2,"SSHjac.pre  ",2.07965233,1.79569952,8.12169286
"17",17,"Hake",1.882,0.0901,103.588657596291,0.56,"MLDpjuv  ",2.05482518,1.80778137,8.43023359
"18",18,"Hake",1.935,0.0938,104.74058440483,0.32,"Tpre  ",2.08466668,1.9765847,7.79660759
"19",19,"Hake",1.935,0.0938,104.740584410647,0.32,"DDpre  ",2.53887298,2.12736061,7.79660759
"20",20,"Hake",1.846,0.1346,102.945270405719,0.32,"MLDlate  ",2.11367847,1.803154,7.73464693
"21",21,"Hake",1.967,0.1217,104.106329348784,0.56,"CSTeggs  ",2.11367847,1.803154,7.8127094
"22",22,"Hake",1.918,0.0408,106.907229499088,0.32,"MLDyolk SSHjas.pre ",2.11367847,1.803154,7.71135185
"23",23,"Hake",2.088,0.0362,107.027605510623,0.24,"MLDyolk SSHmsc ",2.11367847,1.803154,8.05135185
"24",24,"Hake",1.892,0.0411,106.900146324582,0.52,"CSTlaten MLDyolk ",2.11367847,1.803154,7.58346896
"25",25,"Hake",2.139,0.0307,107.347600721965,0.24,"MLDyolk SSHmss ",2.36781091,2.13703731,8.15335185
"26",26,"Hake",1.891,0.0537,106.568778993736,0.44,"MLDyolk PUTpjuv ",2.36781091,2.13703731,7.65735185
"27",27,"Hake",2.467,0.1897,106.018958702679,0.44,"LSTegg MLDyolk ",2.03635508,1.76311388,8.79660655
"28",28,"Hake",1.976,0.0888,106.656386317057,0.32,"CSTpjuvs MLDyolk ",1.95995918,1.82521795,7.91640743
"29",29,"Hake",2.153,0.0573,107.241260597406,0.24,"DDspawn MLDyolk ",2.05482518,1.80778137,8.36725138
"30",30,"Hake",1.964,0.0846,106.49952653046,0.44,"MLDyolk PUTlate ",2.14604144,1.79517051,7.80335185
"31",31,"Hake",2.003,0.0938,106.569147611095,0.2,"MLDyolk SSHjac.pre ",2.36781091,2.13703731,7.88135185
"32",32,"Hake",2.116,0.0915,105.54949355109,0.44,"MLDpjuv MLDyolk ",2.08466668,1.9765847,8.89823359
"33",33,"Hake",1.948,0.1105,106.254653868884,0.32,"MLDyolk Tpre ",2.53887298,2.12736061,7.77135185
"34",34,"Hake",1.948,0.1105,106.254653874755,0.32,"DDpre MLDyolk ",2.30182088,1.96884065,7.82260759
"35",35,"Hake",1.937,0.1787,104.566960248466,0.48,"CSTeggs MLDyolk ",2.03635508,1.76311388,7.7527094
"36",36,"Hake",1.93,0.0354,107.049311274952,0.4,"DDlarv SSHjas.pre ",1.95995918,1.82521795,7.77683247
"37",37,"Hake",2.093,0.0567,106.645940815848,0.4,"DDlarv SSHmsc ",2.05482518,1.80778137,8.10283247
"38",38,"Hake",2.149,0.0654,106.880124281197,0.36,"DDlarv SSHmss ",2.14604144,1.79517051,8.21483247
"39",39,"Hake",1.892,0.0522,106.610439688811,0.44,"DDlarv PUTpjuv ",2.53887298,2.12736061,7.70083247
"40",40,"Hake",1.992,0.0494,107.213486527328,0.32,"CSTpjuvs DDlarv ",1.95995918,1.82521795,7.94840743
"41",41,"Hake",2.247,0.0453,106.789362504031,0.28,"DDlarv MLDlarv ",2.05482518,1.80778137,8.41083247
"42",42,"Hake",1.98,0.1154,106.12911840884,0.36,"DDlarv SSHjac.pre ",2.14604144,1.79517051,7.87683247
"43",43,"Hake",2.157,0.0921,105.534953927266,0.48,"DDlarv MLDpjuv ",2.30182088,1.96884065,8.23083247
"44",44,"Hake",1.942,0.1307,105.772800955974,0.44,"DDlarv Tpre ",2.08466668,1.9765847,7.80083247
"45",45,"Hake",1.942,0.1307,105.772800960183,0.44,"DDlarv DDpre ",2.53887298,2.12736061,7.80083247
"46",46,"Hake",1.911,0.1332,104.856625255746,0.24,"DDlarv MLDlate ",2.03635508,1.76311388,7.73883247
"47",47,"Hake",1.874,0.2549,102.287472794512,0.64,"CSTeggs DDlarv ",2.03635508,1.76311388,7.6267094
"48",48,"Hake",1.932,0.0418,106.882717049146,0.4,"SSHjas.pre SSHmsn.pre ",2.03635508,1.76311388,8.36884822
"49",49,"Hake",2.136,0.0659,106.371192065393,0.44,"SSHjas.pre SSHmsc ",2.05482518,1.80778137,8.77684822
"50",50,"Hake",1.91,0.0699,106.137535903948,0.44,"CSTlaten SSHjas.pre ",2.14604144,1.79517051,7.61946896
"51",51,"Hake",2.177,0.0788,106.528653094913,0.32,"SSHjas.pre SSHmss ",1.95995918,1.82521795,8.85884822
"52",52,"Hake",1.884,0.1011,105.284405946136,0.56,"PUTpjuv SSHjas.pre ",2.08466668,1.9765847,7.55317713
"53",53,"Hake",1.918,0.0461,106.768742966894,0.4,"DDyolk SSHjas.pre ",2.53887298,2.12736061,7.80324383
"54",54,"Hake",2.206,0.038,106.981925042744,0.36,"LSTegg SSHjas.pre ",2.05482518,1.80778137,8.27460655
"55",55,"Hake",2.014,0.076,106.678319247795,0.28,"CSTpjuvs SSHjas.pre ",2.05482518,1.80778137,7.99240743
"56",56,"Hake",2.008,0.0685,106.176526290844,0.32,"MLDlarv SSHjas.pre ",2.08466668,1.9765847,7.95721195
"57",57,"Hake",2.046,0.11,106.208882045687,0.44,"SSHjas.pre Tspawn ",2.05482518,1.80778137,8.59684822
"58",58,"Hake",2.018,0.1097,106.214697060193,0.44,"DDspawn SSHjas.pre ",2.14604144,1.79517051,8.09725138
"59",59,"Hake",1.998,0.0896,106.069054830496,0.52,"PUTlate SSHjas.pre ",2.08466668,1.9765847,7.80308909
"60",60,"Hake",1.951,0.093,105.509389002026,0.52,"MLDpjuv SSHjas.pre ",2.53887298,2.12736061,8.56823359
"61",61,"Hake",1.9,0.1297,104.734826846794,0.4,"MLDlate SSHjas.pre ",2.08466668,1.9765847,7.84264693
"62",62,"Hake",2.05,0.1347,105.635163558648,0.48,"CSTeggs SSHjas.pre ",2.07965233,1.79569952,7.9787094
"63",63,"Hake",2.085,0.0769,105.949858505465,0.44,"SSHmsc SSHmsn.pre ",2.03635508,1.76311388,8.44066153
"64",64,"Hake",1.944,0.0535,106.573932335475,0.52,"CSTlaten SSHmsn.pre ",2.07965233,1.79569952,7.68746896
"65",65,"Hake",2.138,0.0823,106.330178051348,0.32,"SSHmsn.pre SSHmss ",2.05482518,1.80778137,8.36872711
"66",66,"Hake",1.936,0.0647,106.372105045789,0.4,"PUTpjuv SSHmsn.pre ",2.08466668,1.9765847,7.65717713
"67",67,"Hake",2.077,0.0693,106.154719089894,0.56,"LSTegg SSHmsn.pre ",2.53887298,2.12736061,8.01660655
"68",68,"Hake",1.998,0.0808,106.595638276916,0.36,"CSTpjuvs SSHmsn.pre ",2.07965233,1.79569952,7.96040743
"69",69,"Hake",2.237,0.0513,106.634000013977,0.24,"MLDlarv SSHmsn.pre ",2.05482518,1.80778137,8.41521195
"70",70,"Hake",1.963,0.0927,106.363367965361,0.4,"PUTlate SSHmsn.pre ",2.08466668,1.9765847,7.73308909
"71",71,"Hake",1.983,0.1179,106.012197389836,0.32,"SSHjac.pre SSHmsn.pre ",2.53887298,2.12736061,8.13369286
"72",72,"Hake",2.173,0.0968,105.404818718776,0.52,"MLDpjuv SSHmsn.pre ",2.03635508,1.76311388,9.01223359
"73",73,"Hake",1.969,0.1298,105.693497586565,0.44,"SSHmsn.pre Tpre ",2.03635508,1.76311388,8.03072711
"74",74,"Hake",1.969,0.1298,105.693497591067,0.44,"DDpre SSHmsn.pre ",2.05482518,1.80778137,7.86460759
"75",75,"Hake",1.931,0.1426,104.601962176648,0.28,"MLDlate SSHmsn.pre ",2.08466668,1.9765847,7.90464693
"76",76,"Hake",2.138,0.0993,106.175168994384,0.4,"PUTpjuv SSHmsc ",2.53887298,2.12736061,8.06117713
"77",77,"Hake",2.105,0.082,106.206588341655,0.4,"DDyolk SSHmsc ",2.08466668,1.9765847,8.17724383
"78",78,"Hake",2.472,0.035,107.05949992476,0.36,"LSTegg SSHmsc ",2.05482518,1.80778137,8.80660655
"79",79,"Hake",2.449,0.0672,106.209568327039,0.32,"MLDlarv SSHmsc ",2.08466668,1.9765847,8.83921195
"80",80,"Hake",2.257,0.0701,106.857846091523,0.32,"SSHmsc Tspawn ",2.11367847,1.803154,8.78466153
"81",81,"Hake",2.235,0.0783,106.743093773548,0.32,"DDspawn SSHmsc ",2.11367847,1.803154,8.53125138
"82",82,"Hake",2.26,0.0907,106.544482382778,0.4,"PUTlate SSHmsc ",2.11367847,1.803154,8.32708909
"83",83,"Hake",2.217,0.102,106.286410461441,0.4,"SSHjac.pre SSHmsc ",2.11367847,1.803154,8.60169286
"84",84,"Hake",2.344,0.1923,103.801581418605,0.44,"MLDpjuv SSHmsc ",2.11367847,1.803154,9.35423359
"85",85,"Hake",2.134,0.1347,105.673145617888,0.24,"SSHmsc Tpre ",2.11367847,1.803154,8.53866153
"86",86,"Hake",2.134,0.1347,105.673145626021,0.24,"DDpre SSHmsc ",2.11367847,1.803154,8.19460759
"87",87,"Hake",2.16,0.2112,104.020306844017,0.24,"MLDlate SSHmsc ",2.11367847,1.803154,8.36264693
"88",88,"Hake",2.268,0.119,106.020401382218,0.44,"CSTeggs SSHmsc ",2.11367847,1.803154,8.4147094
"89",89,"Hake",1.886,0.0629,106.326714312796,0.44,"CSTlaten PUTpjuv ",2.36781091,2.13703731,7.57146896
"90",90,"Hake",1.983,0.0807,106.607968439433,0.44,"CSTlaten CSTpjuvs ",2.03635508,1.76311388,7.76546896
"91",91,"Hake",2.007,0.0669,106.219773400926,0.28,"CSTlaten MLDlarv ",1.95995918,1.82521795,7.81346896
"92",92,"Hake",1.99,0.1383,105.465451810818,0.4,"CSTlaten SSHjac.pre ",2.05482518,1.80778137,7.77946896
"93",93,"Hake",2.033,0.1205,104.740191529448,0.4,"CSTlaten MLDpjuv ",2.14604144,1.79517051,7.86546896
"94",94,"Hake",1.92,0.1562,105.085012767835,0.48,"CSTlaten Tpre ",2.53887298,2.12736061,7.63946896
"95",95,"Hake",1.92,0.1562,105.085012773681,0.48,"CSTlaten DDpre ",1.95995918,1.82521795,7.63946896
"96",96,"Hake",1.875,0.1324,104.534229359871,0.32,"CSTlaten MLDlate ",2.05482518,1.80778137,7.54946896
"97",97,"Hake",2.078,0.2084,104.235391921188,0.48,"CSTeggs CSTlaten ",2.14604144,1.79517051,8.0347094
"98",98,"Hake",2.168,0.1091,106.093095246848,0.36,"PUTpjuv SSHmss ",2.36781091,2.13703731,8.12117713
"99",99,"Hake",2.188,0.0897,106.378051373104,0.4,"DDyolk SSHmss ",2.08466668,1.9765847,8.34324383
"100",100,"Hake",2.489,0.0377,107.318162034645,0.24,"LSTegg SSHmss ",2.53887298,2.12736061,8.84060655
"101",101,"Hake",2.607,0.0589,106.598956361915,0.28,"MLDlarv SSHmss ",2.03635508,1.76311388,9.15521195
"102",102,"Hake",2.317,0.0558,107.252570175595,0.28,"SSHmss Tspawn ",2.03635508,1.76311388,9.07546904
"103",103,"Hake",2.29,0.0638,107.138853822961,0.36,"DDspawn SSHmss ",2.03635508,1.76311388,8.64125138
"104",104,"Hake",2.308,0.1149,106.391469870431,0.32,"PUTlate SSHmss ",2.05482518,1.80778137,8.42308909
"105",105,"Hake",2.268,0.1035,106.522730989469,0.24,"SSHjac.pre SSHmss ",2.14604144,1.79517051,8.70369286
"106",106,"Hake",2.46,0.1881,103.991579525147,0.36,"MLDpjuv SSHmss ",1.95995918,1.82521795,9.58623359
"107",107,"Hake",2.241,0.1155,106.186342905523,0.2,"SSHmss Tpre ",2.08466668,1.9765847,8.92346904
"108",108,"Hake",2.241,0.1155,106.186342913317,0.2,"DDpre SSHmss ",2.53887298,2.12736061,8.40860759
"109",109,"Hake",2.182,0.2429,103.467916729819,0.32,"MLDlate SSHmss ",2.05482518,1.80778137,8.40664693
"110",110,"Hake",2.238,0.1197,106.081625448634,0.48,"CSTeggs SSHmss ",2.05482518,1.80778137,8.3547094
"111",111,"Hake",1.899,0.0603,106.395683804238,0.44,"DDyolk PUTpjuv ",2.08466668,1.9765847,7.76524383
"112",112,"Hake",2.151,0.052,106.615021339833,0.44,"LSTegg PUTpjuv ",2.05482518,1.80778137,8.16460655
"113",113,"Hake",1.967,0.0414,106.892776622402,0.4,"CSTpjuvs PUTpjuv ",2.14604144,1.79517051,7.89840743
"114",114,"Hake",1.958,0.0929,105.513220489565,0.4,"MLDlarv PUTpjuv ",2.08466668,1.9765847,7.85721195
"115",115,"Hake",2.123,0.107,106.496980904829,0.24,"PUTpjuv Tspawn ",2.53887298,2.12736061,8.03117713
"116",116,"Hake",2.112,0.1313,106.280716537765,0.28,"DDspawn PUTpjuv ",2.08466668,1.9765847,8.28525138
"117",117,"Hake",2.014,0.116,105.617124721214,0.36,"PUTpjuv SSHjac.pre ",1.95995918,1.82521795,7.81317713
"118",118,"Hake",1.909,0.1439,104.064190139648,0.44,"MLDpjuv PUTpjuv ",2.05482518,1.80778137,8.48423359
"119",119,"Hake",1.982,0.1237,105.817949594189,0.4,"PUTpjuv Tpre ",2.14604144,1.79517051,7.74917713
"120",120,"Hake",1.982,0.1237,105.817949599883,0.4,"DDpre PUTpjuv ",2.53887298,2.12736061,7.89060759
"121",121,"Hake",1.815,0.1549,103.743529935921,0.4,"MLDlate PUTpjuv ",2.03635508,1.76311388,7.67264693
"122",122,"Hake",1.994,0.1655,104.832810984022,0.48,"CSTeggs PUTpjuv ",2.03635508,1.76311388,7.8667094
"123",123,"Hake",1.99,0.0624,106.892160914943,0.4,"CSTpjuvs DDyolk ",2.03635508,1.76311388,7.94440743
"124",124,"Hake",2.211,0.0529,106.591252235393,0.28,"DDyolk MLDlarv ",2.05482518,1.80778137,8.38924383
"125",125,"Hake",1.974,0.1258,105.83266932605,0.32,"DDyolk SSHjac.pre ",2.14604144,1.79517051,7.91524383
"126",126,"Hake",2.203,0.0957,105.434102960499,0.48,"DDyolk MLDpjuv ",2.53887298,2.12736061,8.37324383
"127",127,"Hake",1.921,0.158,105.035354269187,0.48,"DDyolk Tpre ",2.05482518,1.80778137,7.80924383
"128",128,"Hake",1.921,0.158,105.03535427341,0.48,"DDpre DDyolk ",2.05482518,1.80778137,7.76860759
"129",129,"Hake",1.916,0.137,104.696189556575,0.28,"DDyolk MLDlate ",2.05482518,1.80778137,7.79924383
"130",130,"Hake",1.814,0.3099,100.429444463964,0.68,"CSTeggs DDyolk ",2.14604144,1.79517051,7.5067094
"131",131,"Hake",2.295,0.024,107.414947617426,0.32,"CSTpjuvs LSTegg ",1.95995918,1.82521795,8.55440743
"132",132,"Hake",1.949,0.3681,100.113688446323,0.52,"LSTegg MLDlarv ",2.08466668,1.9765847,7.76060655
"133",133,"Hake",2.053,0.2182,104.904260899804,0.52,"LSTegg Tspawn ",2.53887298,2.12736061,7.96860655
"134",134,"Hake",2.071,0.2005,105.274337878799,0.44,"DDspawn LSTegg ",2.05482518,1.80778137,8.20325138
"135",135,"Hake",2.23,0.1379,105.213647306146,0.52,"LSTegg PUTlate ",2.05482518,1.80778137,8.32260655
"136",136,"Hake",2.249,0.0768,106.845668503647,0.24,"LSTegg SSHjac.pre ",2.08466668,1.9765847,8.36060655
"137",137,"Hake",1.996,0.114,104.923892224042,0.52,"LSTegg MLDpjuv ",2.05482518,1.80778137,7.85460655
"138",138,"Hake",2.261,0.0928,106.659892412455,0.28,"LSTegg Tpre ",2.14604144,1.79517051,8.38460655
"139",139,"Hake",2.261,0.0928,106.659892418344,0.28,"DDpre LSTegg ",2.08466668,1.9765847,8.44860759
"140",140,"Hake",2.014,0.1573,104.470207600248,0.24,"LSTegg MLDlate ",2.53887298,2.12736061,7.89060655
"141",141,"Hake",2.053,0.1342,105.51235775446,0.44,"CSTpjuvs MLDlarv ",2.08466668,1.9765847,8.07040743
"142",142,"Hake",2.212,0.0943,107.044220563063,0.32,"CSTpjuvs Tspawn ",2.03635508,1.76311388,8.38840743
"143",143,"Hake",2.196,0.1045,106.890368576838,0.36,"CSTpjuvs DDspawn ",2.03635508,1.76311388,8.35640743
"144",144,"Hake",2.054,0.0709,106.840174357292,0.4,"CSTpjuvs PUTlate ",2.05482518,1.80778137,8.07240743
"145",145,"Hake",2.174,0.1356,106.222686068948,0.28,"CSTpjuvs SSHjac.pre ",2.05482518,1.80778137,8.31240743
"146",146,"Hake",1.958,0.1709,104.388795238752,0.52,"CSTpjuvs MLDpjuv ",2.08466668,1.9765847,7.88040743
"147",147,"Hake",1.997,0.2066,104.781247227257,0.4,"CSTpjuvs Tpre ",2.05482518,1.80778137,7.95840743
"148",148,"Hake",1.997,0.2066,104.781247238003,0.4,"CSTpjuvs DDpre ",2.14604144,1.79517051,7.95840743
"149",149,"Hake",1.926,0.2135,103.684400260424,0.36,"CSTpjuvs MLDlate ",2.08466668,1.9765847,7.81640743
"150",150,"Hake",1.948,0.2941,102.64655474745,0.68,"CSTeggs CSTpjuvs ",2.53887298,2.12736061,7.7747094
"151",151,"Hake",2.544,0.059,106.749639718838,0.32,"MLDlarv Tspawn ",2.08466668,1.9765847,9.02921195
"152",152,"Hake",2.556,0.0567,106.774914364403,0.28,"DDspawn MLDlarv ",2.05482518,1.80778137,9.17325138
"153",153,"Hake",2.004,0.1283,105.338050662722,0.4,"MLDlarv PUTlate ",2.08466668,1.9765847,7.94921195
"154",154,"Hake",2.136,0.1295,105.969186967308,0.2,"MLDlarv SSHjac.pre ",2.05482518,1.80778137,8.21321195
"155",155,"Hake",2.105,0.1788,105.359812739846,0.36,"MLDlarv Tpre ",2.08466668,1.9765847,8.15121195
"156",156,"Hake",2.105,0.1788,105.359812746283,0.36,"DDpre MLDlarv ",NA,NA,8.13660759
"157",157,"Hake",1.978,0.2633,103.109667746062,0.56,"CSTeggs MLDlarv ",NA,NA,7.8347094
"158",158,"Hake",2.104,0.1098,106.421982425766,0.4,"PUTlate Tspawn ",NA,NA,8.01508909
"159",159,"Hake",2.151,0.1337,106.27247078326,0.24,"SSHjac.pre Tspawn ",NA,NA,8.46969286
"160",160,"Hake",2.712,0.0914,105.552492896688,0.48,"MLDpjuv Tspawn ",NA,NA,10.09023359
"161",161,"Hake",2.012,0.2112,104.980081371093,0.48,"Tpre Tspawn ",NA,NA,7.95060759
"162",162,"Hake",2.012,0.2112,104.98008137713,0.48,"DDpre Tspawn ",NA,NA,7.95060759
"163",163,"Hake",2.051,0.1317,104.945505136388,0.32,"MLDlate Tspawn ",NA,NA,8.14464693
"164",164,"Hake",1.964,0.3127,102.011933401711,0.64,"CSTeggs Tspawn ",NA,NA,7.8067094
"165",165,"Hake",2.082,0.1191,106.278493680394,0.4,"DDspawn PUTlate ",NA,NA,8.22525138
"166",166,"Hake",2.112,0.1322,106.286566482495,0.24,"DDspawn SSHjac.pre ",NA,NA,8.28525138
"167",167,"Hake",2.683,0.0921,105.534388093326,0.48,"DDspawn MLDpjuv ",NA,NA,9.42725138
"168",168,"Hake",1.994,0.2151,104.867801506038,0.44,"DDspawn Tpre ",NA,NA,8.04925138
"169",169,"Hake",1.994,0.2151,104.867801512176,0.44,"DDpre DDspawn ",NA,NA,7.91460759
"170",170,"Hake",2.04,0.1318,104.949723176099,0.32,"DDspawn MLDlate ",NA,NA,8.14125138
"171",171,"Hake",1.917,0.3249,101.609024251222,0.6,"CSTeggs DDspawn ",NA,NA,7.7127094
"172",172,"Hake",2.019,0.2212,104.405115385724,0.48,"PUTlate SSHjac.pre ",NA,NA,7.84508909
"173",173,"Hake",2.042,0.1438,104.067563799002,0.4,"MLDpjuv PUTlate ",NA,NA,8.75023359
"174",174,"Hake",1.994,0.2036,104.840704421402,0.44,"PUTlate Tpre ",NA,NA,7.79508909
"175",175,"Hake",1.994,0.2036,104.840704428419,0.44,"DDpre PUTlate ",NA,NA,7.91460759
"176",176,"Hake",1.862,0.1789,103.365398628957,0.48,"MLDlate PUTlate ",NA,NA,7.76664693
"177",177,"Hake",2.079,0.2275,103.86871848566,0.6,"CSTeggs PUTlate ",NA,NA,8.0367094
"178",178,"Hake",2.034,0.1521,104.842981156953,0.4,"MLDpjuv SSHjac.pre ",NA,NA,8.73423359
"179",179,"Hake",1.98,0.1344,104.910742799525,0.28,"MLDlate SSHjac.pre ",NA,NA,8.00264693
"180",180,"Hake",2.111,0.1883,105.081851838126,0.44,"CSTeggs SSHjac.pre ",NA,NA,8.1007094
"181",181,"Hake",1.901,0.231,102.826376149557,0.56,"MLDpjuv Tpre ",NA,NA,8.46823359
"182",182,"Hake",1.901,0.231,102.826376160175,0.56,"DDpre MLDpjuv ",NA,NA,7.72860759
"183",183,"Hake",1.894,0.2293,102.921142100877,0.48,"CSTeggs MLDpjuv ",NA,NA,7.6667094
"184",184,"Hake",1.974,0.2089,103.826948233372,0.32,"MLDlate Tpre ",NA,NA,7.99064693
"185",185,"Hake",2.098,0.1416,105.850761638056,0.36,"CSTeggs Tpre ",NA,NA,8.0747094
"186",186,"Hake",1.974,0.2089,103.826948240056,0.32,"DDpre MLDlate ",NA,NA,7.87460759
"187",187,"Hake",2.098,0.1416,105.850761641383,0.36,"CSTeggs DDpre ",NA,NA,8.0747094
"188",188,"Hake",1.92,0.227,102.951234590442,0.44,"CSTeggs MLDlate ",NA,NA,7.7187094
"189",189,"Hake",2.147,0.0737,108.035372897139,0.44,"MLDyolk SSHjas.pre SSHmsc",NA,NA,8.16935185
"190",190,"Hake",1.928,0.073,108.053765820484,0.44,"CSTlaten MLDyolk SSHjas.pre",NA,NA,7.65546896
"191",191,"Hake",2.193,0.0797,108.280072684756,0.28,"MLDyolk SSHjas.pre SSHmss",NA,NA,8.26135185
"192",192,"Hake",1.908,0.1156,106.877583079611,0.48,"MLDyolk PUTpjuv SSHjas.pre",NA,NA,7.69135185
"193",193,"Hake",2.583,0.064,108.297109089988,0.4,"LSTegg MLDyolk SSHjas.pre",NA,NA,9.02860655
"194",194,"Hake",1.993,0.136,107.450994953449,0.44,"CSTpjuvs MLDyolk SSHjas.pre",NA,NA,7.95040743
"195",195,"Hake",2.081,0.1211,107.842276822099,0.4,"DDspawn MLDyolk SSHjas.pre",NA,NA,8.22325138
"196",196,"Hake",2.015,0.1105,107.639172296576,0.44,"MLDyolk PUTlate SSHjas.pre",NA,NA,7.90535185
"197",197,"Hake",2.223,0.0936,107.493784440867,0.44,"MLDpjuv MLDyolk SSHjas.pre",NA,NA,9.11223359
"198",198,"Hake",2.037,0.1977,105.921014267578,0.48,"CSTeggs MLDyolk SSHjas.pre",NA,NA,7.9527094
"199",199,"Hake",2.159,0.101,107.976271277135,0.36,"MLDyolk PUTpjuv SSHmsc",NA,NA,8.19335185
"200",200,"Hake",2.924,0.056,108.507572326544,0.28,"LSTegg MLDyolk SSHmsc",NA,NA,9.71060655
"201",201,"Hake",2.249,0.1006,108.281540434323,0.28,"DDspawn MLDyolk SSHmsc",NA,NA,8.55925138
"202",202,"Hake",2.291,0.0967,108.249605949983,0.32,"MLDyolk PUTlate SSHmsc",NA,NA,8.45735185
"203",203,"Hake",2.242,0.1118,107.987877655653,0.12,"MLDyolk SSHjac.pre SSHmsc",NA,NA,8.35935185
"204",204,"Hake",2.544,0.2153,105.202721931752,0.44,"MLDpjuv MLDyolk SSHmsc",NA,NA,9.75423359
"205",205,"Hake",2.119,0.1494,107.223059749904,0.24,"MLDyolk SSHmsc Tpre",NA,NA,8.11335185
"206",206,"Hake",2.119,0.1494,107.223059758111,0.24,"DDpre MLDyolk SSHmsc",NA,NA,8.16460759
"207",207,"Hake",2.199,0.1762,106.541865713008,0.4,"CSTeggs MLDyolk SSHmsc",NA,NA,8.2767094
"208",208,"Hake",1.916,0.0671,108.212686457908,0.44,"CSTlaten MLDyolk PUTpjuv",NA,NA,7.63146896
"209",209,"Hake",2,0.1053,108.155197296191,0.4,"CSTlaten CSTpjuvs MLDyolk",NA,NA,7.79946896
"210",210,"Hake",2.007,0.1381,107.430457640222,0.36,"CSTlaten MLDyolk SSHjac.pre",NA,NA,7.81346896
"211",211,"Hake",2.201,0.1313,106.430367470572,0.44,"CSTlaten MLDpjuv MLDyolk",NA,NA,8.20146896
"212",212,"Hake",1.939,0.1584,106.982411123816,0.44,"CSTlaten MLDyolk Tpre",NA,NA,7.67746896
"213",213,"Hake",1.939,0.1584,106.982411129728,0.44,"CSTlaten DDpre MLDyolk",NA,NA,7.67746896
"214",214,"Hake",2.009,0.2689,104.840281052015,0.56,"CSTeggs CSTlaten MLDyolk",NA,NA,7.8967094
"215",215,"Hake",2.192,0.1099,107.93226222123,0.32,"MLDyolk PUTpjuv SSHmss",NA,NA,8.25935185
"216",216,"Hake",2.928,0.0437,108.833688386096,0.24,"LSTegg MLDyolk SSHmss",NA,NA,9.71860655
"217",217,"Hake",2.319,0.0829,108.723210041556,0.24,"DDspawn MLDyolk SSHmss",NA,NA,8.69925138
"218",218,"Hake",2.375,0.1194,108.148104357629,0.36,"MLDyolk PUTlate SSHmss",NA,NA,8.62535185
"219",219,"Hake",2.288,0.1019,108.2924585091,0.16,"MLDyolk SSHjac.pre SSHmss",NA,NA,8.45135185
"220",220,"Hake",2.714,0.2123,105.347071600593,0.4,"MLDpjuv MLDyolk SSHmss",NA,NA,10.09423359
"221",221,"Hake",2.234,0.1293,107.767232080609,0.16,"MLDyolk SSHmss Tpre",NA,NA,8.34335185
"222",222,"Hake",2.234,0.1293,107.767232088289,0.16,"DDpre MLDyolk SSHmss",NA,NA,8.39460759
"223",223,"Hake",2.18,0.1797,106.492493400666,0.4,"CSTeggs MLDyolk SSHmss",NA,NA,8.2387094
"224",224,"Hake",2.614,0.0738,108.032701000776,0.36,"LSTegg MLDyolk PUTpjuv",NA,NA,9.09060655
"225",225,"Hake",2.004,0.0946,108.18864384749,0.4,"CSTpjuvs MLDyolk PUTpjuv",NA,NA,7.97240743
"226",226,"Hake",2.186,0.123,108.058217177935,0.32,"DDspawn MLDyolk PUTpjuv",NA,NA,8.43325138
"227",227,"Hake",2.05,0.1248,107.344834217545,0.36,"MLDyolk PUTpjuv SSHjac.pre",NA,NA,7.97535185
"228",228,"Hake",2.098,0.147,105.973474738793,0.4,"MLDpjuv MLDyolk PUTpjuv",NA,NA,8.86223359
"229",229,"Hake",2.009,0.1353,107.462550376699,0.36,"MLDyolk PUTpjuv Tpre",NA,NA,7.89335185
"230",230,"Hake",2.009,0.1353,107.462550382496,0.36,"DDpre MLDyolk PUTpjuv",NA,NA,7.94460759
"231",231,"Hake",1.959,0.2228,105.191443803998,0.44,"CSTeggs MLDyolk PUTpjuv",NA,NA,7.7967094
"232",232,"Hake",2.627,0.0865,108.41043141258,0.36,"CSTpjuvs LSTegg MLDyolk",NA,NA,9.21840743
"233",233,"Hake",2.356,0.2355,106.292976340038,0.44,"DDspawn LSTegg MLDyolk",NA,NA,8.77325138
"234",234,"Hake",2.567,0.1911,105.844657304005,0.44,"LSTegg MLDyolk PUTlate",NA,NA,8.99660655
"235",235,"Hake",2.65,0.0858,108.428565163562,0.32,"LSTegg MLDyolk SSHjac.pre",NA,NA,9.16260655
"236",236,"Hake",2.93,0.114,106.923875083369,0.4,"LSTegg MLDpjuv MLDyolk",NA,NA,9.72260655
"237",237,"Hake",2.41,0.2638,106.452490327472,0.36,"LSTegg MLDyolk Tpre",NA,NA,8.68260655
"238",238,"Hake",2.41,0.2638,106.452490335064,0.36,"DDpre LSTegg MLDyolk",NA,NA,8.74660759
"239",239,"Hake",2.273,0.1024,108.514955057781,0.32,"CSTpjuvs DDspawn MLDyolk",NA,NA,8.51040743
"240",240,"Hake",2.099,0.1184,108.07257714234,0.32,"CSTpjuvs MLDyolk PUTlate",NA,NA,8.16240743
"241",241,"Hake",2.168,0.1891,107.045565965931,0.36,"CSTpjuvs MLDyolk SSHjac.pre",NA,NA,8.30040743
"242",242,"Hake",2.154,0.1721,106.32545540595,0.44,"CSTpjuvs MLDpjuv MLDyolk",NA,NA,8.27240743
"243",243,"Hake",1.915,0.2726,104.997137671311,0.4,"CSTpjuvs MLDyolk Tpre",NA,NA,7.79440743
"244",244,"Hake",1.915,0.2726,104.997137683713,0.4,"CSTpjuvs DDpre MLDyolk",NA,NA,7.79440743
"245",245,"Hake",1.732,0.4581,98.3579831674158,0.68,"CSTeggs CSTpjuvs MLDyolk",NA,NA,7.3427094
"246",246,"Hake",2.183,0.116,107.852285027385,0.4,"DDspawn MLDyolk PUTlate",NA,NA,8.42725138
"247",247,"Hake",2.199,0.1474,107.896638567931,0.24,"DDspawn MLDyolk SSHjac.pre",NA,NA,8.45925138
"248",248,"Hake",2.616,0.249,105.778668558589,0.36,"DDspawn MLDpjuv MLDyolk",NA,NA,9.29325138
"249",249,"Hake",2.31,0.2334,106.285147063558,0.48,"DDspawn MLDyolk Tpre",NA,NA,8.68125138
"250",250,"Hake",2.31,0.2334,106.285147067839,0.48,"DDpre DDspawn MLDyolk",NA,NA,8.54660759
"251",251,"Hake",2.322,0.334,103.165435364778,0.6,"CSTeggs DDspawn MLDyolk",NA,NA,8.5227094
"252",252,"Hake",2.008,0.2401,105.85429386619,0.36,"MLDyolk PUTlate SSHjac.pre",NA,NA,7.89135185
"253",253,"Hake",2.307,0.1513,105.849391970413,0.4,"MLDpjuv MLDyolk PUTlate",NA,NA,9.28023359
"254",254,"Hake",2.003,0.2205,106.316182998067,0.4,"MLDyolk PUTlate Tpre",NA,NA,7.88135185
"255",255,"Hake",2.003,0.2205,106.316183005299,0.4,"DDpre MLDyolk PUTlate",NA,NA,7.93260759
"256",256,"Hake",1.957,0.3184,103.219355661243,0.56,"CSTeggs MLDyolk PUTlate",NA,NA,7.7927094
"257",257,"Hake",2.626,0.1506,106.824161147987,0.36,"MLDpjuv MLDyolk SSHjac.pre",NA,NA,9.91823359
"258",258,"Hake",2.18,0.2373,105.593229260351,0.36,"CSTeggs MLDyolk SSHjac.pre",NA,NA,8.2387094
"259",259,"Hake",2.05,0.2304,104.820692640426,0.48,"MLDpjuv MLDyolk Tpre",NA,NA,8.76623359
"260",260,"Hake",2.05,0.2304,104.820692651186,0.48,"DDpre MLDpjuv MLDyolk",NA,NA,8.02660759
"261",261,"Hake",2.136,0.2366,104.691686192999,0.44,"CSTeggs MLDpjuv MLDyolk",NA,NA,8.1507094
"262",262,"Hake",2.056,0.1804,106.546965359646,0.44,"CSTeggs MLDyolk Tpre",NA,NA,7.9907094
"263",263,"Hake",2.056,0.1804,106.546965361861,0.44,"CSTeggs DDpre MLDyolk",NA,NA,7.9907094
"264",264,"Hake",2.162,0.0855,107.938385574109,0.32,"DDlarv SSHjas.pre SSHmsc",NA,NA,8.24083247
"265",265,"Hake",2.198,0.098,108.080074079313,0.4,"DDlarv SSHjas.pre SSHmss",NA,NA,8.31283247
"266",266,"Hake",1.988,0.1021,107.257964196871,0.56,"DDlarv PUTpjuv SSHjas.pre",NA,NA,7.89283247
"267",267,"Hake",2.056,0.0795,108.52858624853,0.28,"CSTpjuvs DDlarv SSHjas.pre",NA,NA,8.07640743
"268",268,"Hake",2.227,0.0879,108.039526939445,0.28,"DDlarv MLDlarv SSHjas.pre",NA,NA,8.37083247
"269",269,"Hake",2.252,0.0944,107.471519618048,0.44,"DDlarv MLDpjuv SSHjas.pre",NA,NA,8.42083247
"270",270,"Hake",1.948,0.1272,106.695699388788,0.32,"DDlarv MLDlate SSHjas.pre",NA,NA,7.81283247
"271",271,"Hake",1.986,0.2552,104.228292471234,0.6,"CSTeggs DDlarv SSHjas.pre",NA,NA,7.8507094
"272",272,"Hake",2.14,0.1158,107.695149844611,0.36,"DDlarv PUTpjuv SSHmsc",NA,NA,8.19683247
"273",273,"Hake",2.646,0.0745,108.014547209468,0.28,"DDlarv MLDlarv SSHmsc",NA,NA,9.20883247
"274",274,"Hake",2.218,0.1443,107.263968190794,0.36,"DDlarv SSHjac.pre SSHmsc",NA,NA,8.35283247
"275",275,"Hake",2.961,0.1953,105.668182828518,0.4,"DDlarv MLDpjuv SSHmsc",NA,NA,9.83883247
"276",276,"Hake",2.127,0.1907,106.101889772817,0.44,"DDlarv SSHmsc Tpre",NA,NA,8.17083247
"277",277,"Hake",2.127,0.1907,106.101889779114,0.44,"DDlarv DDpre SSHmsc",NA,NA,8.17083247
"278",278,"Hake",2.305,0.2051,105.893211746387,0.28,"DDlarv MLDlate SSHmsc",NA,NA,8.52683247
"279",279,"Hake",2.092,0.2561,104.174848708767,0.56,"CSTeggs DDlarv SSHmsc",NA,NA,8.0627094
"280",280,"Hake",2.187,0.1263,107.620983038658,0.32,"DDlarv PUTpjuv SSHmss",NA,NA,8.29083247
"281",281,"Hake",2.925,0.0729,108.381356378408,0.2,"DDlarv MLDlarv SSHmss",NA,NA,9.76683247
"282",282,"Hake",2.276,0.148,107.523924857832,0.36,"DDlarv SSHjac.pre SSHmss",NA,NA,8.46883247
"283",283,"Hake",3.335,0.192,105.847620205976,0.4,"DDlarv MLDpjuv SSHmss",NA,NA,10.58683247
"284",284,"Hake",2.304,0.1633,106.890106686785,0.32,"DDlarv SSHmss Tpre",NA,NA,8.52483247
"285",285,"Hake",2.304,0.1633,106.890106693007,0.32,"DDlarv DDpre SSHmss",NA,NA,8.52483247
"286",286,"Hake",2.457,0.2907,104.93353173805,0.24,"DDlarv MLDlate SSHmss",NA,NA,8.83083247
"287",287,"Hake",2.057,0.2538,104.279598673009,0.6,"CSTeggs DDlarv SSHmss",NA,NA,7.9927094
"288",288,"Hake",1.99,0.0523,108.60918919182,0.4,"CSTpjuvs DDlarv PUTpjuv",NA,NA,7.94440743
"289",289,"Hake",2.142,0.093,107.509053804672,0.36,"DDlarv MLDlarv PUTpjuv",NA,NA,8.20083247
"290",290,"Hake",2.075,0.1312,107.332945100604,0.32,"DDlarv PUTpjuv SSHjac.pre",NA,NA,8.06683247
"291",291,"Hake",2.112,0.1439,106.06408473735,0.4,"DDlarv MLDpjuv PUTpjuv",NA,NA,8.14083247
"292",292,"Hake",1.993,0.1457,107.245114051333,0.48,"DDlarv PUTpjuv Tpre",NA,NA,7.90283247
"293",293,"Hake",1.993,0.1457,107.245114055888,0.48,"DDlarv DDpre PUTpjuv",NA,NA,7.90283247
"294",294,"Hake",1.857,0.156,105.708730807912,0.4,"DDlarv MLDlate PUTpjuv",NA,NA,7.63083247
"295",295,"Hake",1.906,0.2809,103.382766342166,0.6,"CSTeggs DDlarv PUTpjuv",NA,NA,7.6907094
"296",296,"Hake",2.62,0.1323,107.516683434322,0.32,"CSTpjuvs DDlarv MLDlarv",NA,NA,9.20440743
"297",297,"Hake",2.185,0.1613,107.568509543649,0.32,"CSTpjuvs DDlarv SSHjac.pre",NA,NA,8.33440743
"298",298,"Hake",2.227,0.1695,106.386404539058,0.48,"CSTpjuvs DDlarv MLDpjuv",NA,NA,8.41840743
"299",299,"Hake",2.034,0.2284,106.070330832178,0.44,"CSTpjuvs DDlarv Tpre",NA,NA,8.03240743
"300",300,"Hake",2.034,0.2284,106.070330840404,0.44,"CSTpjuvs DDlarv DDpre",NA,NA,8.03240743
"301",301,"Hake",2.074,0.2095,105.649403378295,0.4,"CSTpjuvs DDlarv MLDlate",NA,NA,8.11240743
"302",302,"Hake",1.883,0.384,101.238690628937,0.64,"CSTeggs CSTpjuvs DDlarv",NA,NA,7.6447094
"303",303,"Hake",2.385,0.1344,107.695539059859,0.16,"DDlarv MLDlarv SSHjac.pre",NA,NA,8.68683247
"304",304,"Hake",2.414,0.1707,107.152285856237,0.32,"DDlarv MLDlarv Tpre",NA,NA,8.74483247
"305",305,"Hake",2.414,0.1707,107.152285862892,0.32,"DDlarv DDpre MLDlarv",NA,NA,8.74483247
"306",306,"Hake",2.002,0.2758,103.559725050732,0.56,"CSTeggs DDlarv MLDlarv",NA,NA,7.8827094
"307",307,"Hake",2.404,0.1669,106.493185680287,0.28,"DDlarv MLDpjuv SSHjac.pre",NA,NA,8.72483247
"308",308,"Hake",2.054,0.148,106.694745408038,0.2,"DDlarv MLDlate SSHjac.pre",NA,NA,8.02483247
"309",309,"Hake",2.006,0.3533,102.149427645393,0.6,"CSTeggs DDlarv SSHjac.pre",NA,NA,7.8907094
"310",310,"Hake",2.124,0.2477,104.295180307331,0.48,"DDlarv MLDpjuv Tpre",NA,NA,8.16483247
"311",311,"Hake",2.124,0.2477,104.295180316491,0.48,"DDlarv DDpre MLDpjuv",NA,NA,8.16483247
"312",312,"Hake",2.249,0.3099,102.348872457967,0.44,"CSTeggs DDlarv MLDpjuv",NA,NA,8.3767094
"313",313,"Hake",2.075,0.2291,105.208084601337,0.28,"DDlarv MLDlate Tpre",NA,NA,8.06683247
"314",314,"Hake",2.019,0.2613,104.16148720921,0.56,"CSTeggs DDlarv Tpre",NA,NA,7.9167094
"315",315,"Hake",2.075,0.2291,105.208084607518,0.28,"DDlarv DDpre MLDlate",NA,NA,8.06683247
"316",316,"Hake",2.019,0.2613,104.161487210817,0.56,"CSTeggs DDlarv DDpre",NA,NA,7.9167094
"317",317,"Hake",1.901,0.3108,102.302357026637,0.6,"CSTeggs DDlarv MLDlate",NA,NA,7.6807094
"318",318,"Hake",2.143,0.0949,107.520972365943,0.4,"SSHjas.pre SSHmsc SSHmsn.pre",NA,NA,8.79084822
"319",319,"Hake",1.974,0.0734,108.04443509523,0.48,"CSTlaten SSHjas.pre SSHmsn.pre",NA,NA,7.74746896
"320",320,"Hake",2.189,0.1054,107.778931672218,0.32,"SSHjas.pre SSHmsn.pre SSHmss",NA,NA,8.88284822
"321",321,"Hake",1.967,0.1022,107.253999820475,0.56,"PUTpjuv SSHjas.pre SSHmsn.pre",NA,NA,7.71917713
"322",322,"Hake",2.165,0.0754,107.989574783631,0.4,"LSTegg SSHjas.pre SSHmsn.pre",NA,NA,8.19260655
"323",323,"Hake",2.046,0.0982,108.144273620676,0.28,"CSTpjuvs SSHjas.pre SSHmsn.pre",NA,NA,8.05640743
"324",324,"Hake",2.272,0.0697,108.142632351362,0.28,"MLDlarv SSHjas.pre SSHmsn.pre",NA,NA,8.48521195
"325",325,"Hake",2.027,0.0977,107.951744444838,0.48,"PUTlate SSHjas.pre SSHmsn.pre",NA,NA,7.86108909
"326",326,"Hake",2.295,0.0979,107.373655963643,0.4,"MLDpjuv SSHjas.pre SSHmsn.pre",NA,NA,9.25623359
"327",327,"Hake",1.973,0.1364,106.525614787651,0.28,"MLDlate SSHjas.pre SSHmsn.pre",NA,NA,7.98864693
"328",328,"Hake",2.201,0.1988,105.613716353326,0.48,"PUTpjuv SSHjas.pre SSHmsc",NA,NA,8.18717713
"329",329,"Hake",2.156,0.1065,107.554032875668,0.36,"DDyolk SSHjas.pre SSHmsc",NA,NA,8.27924383
"330",330,"Hake",2.538,0.0715,108.093678118021,0.4,"LSTegg SSHjas.pre SSHmsc",NA,NA,8.93860655
"331",331,"Hake",2.476,0.1041,107.200800892405,0.32,"MLDlarv SSHjas.pre SSHmsc",NA,NA,8.89321195
"332",332,"Hake",2.243,0.1549,106.972011213514,0.4,"SSHjas.pre SSHmsc Tspawn",NA,NA,8.99084822
"333",333,"Hake",2.218,0.1555,106.958243168845,0.4,"DDspawn SSHjas.pre SSHmsc",NA,NA,8.49725138
"334",334,"Hake",2.368,0.1279,107.416489931911,0.36,"PUTlate SSHjas.pre SSHmsc",NA,NA,8.54308909
"335",335,"Hake",2.389,0.1944,105.674797363124,0.44,"MLDpjuv SSHjas.pre SSHmsc",NA,NA,9.44423359
"336",336,"Hake",2.195,0.1894,105.851005685856,0.36,"MLDlate SSHjas.pre SSHmsc",NA,NA,8.43264693
"337",337,"Hake",2.314,0.132,107.405779536998,0.44,"CSTeggs SSHjas.pre SSHmsc",NA,NA,8.5067094
"338",338,"Hake",1.941,0.1222,106.692512143055,0.56,"CSTlaten PUTpjuv SSHjas.pre",NA,NA,7.68146896
"339",339,"Hake",2.031,0.125,107.520774260111,0.4,"CSTlaten CSTpjuvs SSHjas.pre",NA,NA,7.86146896
"340",340,"Hake",1.995,0.098,107.371454490937,0.48,"CSTlaten MLDlarv SSHjas.pre",NA,NA,7.78946896
"341",341,"Hake",2.081,0.1261,106.579453490249,0.44,"CSTlaten MLDpjuv SSHjas.pre",NA,NA,7.96146896
"342",342,"Hake",1.905,0.1433,106.082068230387,0.36,"CSTlaten MLDlate SSHjas.pre",NA,NA,7.60946896
"343",343,"Hake",2.18,0.2625,104.856501726386,0.48,"CSTeggs CSTlaten SSHjas.pre",NA,NA,8.2387094
"344",344,"Hake",2.212,0.2124,105.316652697871,0.48,"PUTpjuv SSHjas.pre SSHmss",NA,NA,8.20917713
"345",345,"Hake",2.198,0.1181,107.641291722066,0.36,"DDyolk SSHjas.pre SSHmss",NA,NA,8.36324383
"346",346,"Hake",2.558,0.0863,108.23283926655,0.24,"LSTegg SSHjas.pre SSHmss",NA,NA,8.97860655
"347",347,"Hake",2.691,0.1071,107.52611505564,0.32,"MLDlarv SSHjas.pre SSHmss",NA,NA,9.32321195
"348",348,"Hake",2.321,0.1442,107.310479922985,0.36,"SSHjas.pre SSHmss Tspawn",NA,NA,9.14684822
"349",349,"Hake",2.294,0.1444,107.303733720159,0.36,"DDspawn SSHjas.pre SSHmss",NA,NA,8.64925138
"350",350,"Hake",2.416,0.1534,107.17660235594,0.36,"PUTlate SSHjas.pre SSHmss",NA,NA,8.63908909
"351",351,"Hake",2.504,0.1925,105.816849625593,0.4,"MLDpjuv SSHjas.pre SSHmss",NA,NA,9.67423359
"352",352,"Hake",2.226,0.2336,105.334687309782,0.28,"MLDlate SSHjas.pre SSHmss",NA,NA,8.49464693
"353",353,"Hake",2.339,0.1303,107.563130240901,0.4,"CSTeggs SSHjas.pre SSHmss",NA,NA,8.5567094
"354",354,"Hake",1.942,0.1049,107.178947350928,0.6,"DDyolk PUTpjuv SSHjas.pre",NA,NA,7.85124383
"355",355,"Hake",2.171,0.1124,106.968014107854,0.48,"LSTegg PUTpjuv SSHjas.pre",NA,NA,8.20460655
"356",356,"Hake",1.991,0.1067,107.254890561542,0.48,"CSTpjuvs PUTpjuv SSHjas.pre",NA,NA,7.94640743
"357",357,"Hake",1.863,0.1581,105.648134862846,0.44,"MLDlarv PUTpjuv SSHjas.pre",NA,NA,7.66721195
"358",358,"Hake",2.059,0.3126,103.728930823224,0.52,"PUTpjuv SSHjas.pre Tspawn",NA,NA,7.90317713
"359",359,"Hake",2.072,0.3032,104.000055114448,0.52,"DDspawn PUTpjuv SSHjas.pre",NA,NA,8.20525138
"360",360,"Hake",1.944,0.163,105.500084752994,0.48,"MLDpjuv PUTpjuv SSHjas.pre",NA,NA,8.55423359
"361",361,"Hake",1.81,0.1937,104.568058718599,0.48,"MLDlate PUTpjuv SSHjas.pre",NA,NA,7.66264693
"362",362,"Hake",2.079,0.2099,105.331997668529,0.48,"CSTeggs PUTpjuv SSHjas.pre",NA,NA,8.0367094
"363",363,"Hake",2.035,0.0885,108.292994485529,0.32,"CSTpjuvs DDyolk SSHjas.pre",NA,NA,8.03440743
"364",364,"Hake",2.224,0.0727,108.063194612414,0.32,"DDyolk MLDlarv SSHjas.pre",NA,NA,8.41524383
"365",365,"Hake",2.3,0.0978,107.37738005845,0.44,"DDyolk MLDpjuv SSHjas.pre",NA,NA,8.56724383
"366",366,"Hake",1.958,0.1306,106.558393637076,0.28,"DDyolk MLDlate SSHjas.pre",NA,NA,7.88324383
"367",367,"Hake",1.896,0.3096,102.407077262892,0.64,"CSTeggs DDyolk SSHjas.pre",NA,NA,7.6707094
"368",368,"Hake",2.344,0.0666,108.533117821702,0.24,"CSTpjuvs LSTegg SSHjas.pre",NA,NA,8.65240743
"369",369,"Hake",1.998,0.3676,102.076289292383,0.4,"LSTegg MLDlarv SSHjas.pre",NA,NA,7.85860655
"370",370,"Hake",2.212,0.2179,106.280165982416,0.44,"LSTegg SSHjas.pre Tspawn",NA,NA,8.28660655
"371",371,"Hake",2.208,0.1896,106.723157834814,0.36,"DDspawn LSTegg SSHjas.pre",NA,NA,8.47725138
"372",372,"Hake",2.298,0.1719,106.111790137368,0.48,"LSTegg PUTlate SSHjas.pre",NA,NA,8.45860655
"373",373,"Hake",2.1,0.1162,106.860753028345,0.52,"LSTegg MLDpjuv SSHjas.pre",NA,NA,8.06260655
"374",374,"Hake",2.116,0.1534,106.302307956638,0.28,"LSTegg MLDlate SSHjas.pre",NA,NA,8.09460655
"375",375,"Hake",2.006,0.1795,106.263779319496,0.4,"CSTpjuvs MLDlarv SSHjas.pre",NA,NA,7.97640743
"376",376,"Hake",2.191,0.1968,106.847754408014,0.48,"CSTpjuvs SSHjas.pre Tspawn",NA,NA,8.34640743
"377",377,"Hake",2.172,0.1971,106.822991118705,0.48,"CSTpjuvs DDspawn SSHjas.pre",NA,NA,8.30840743
"378",378,"Hake",2.119,0.1047,107.901876726901,0.4,"CSTpjuvs PUTlate SSHjas.pre",NA,NA,8.20240743
"379",379,"Hake",2.058,0.175,106.238883183769,0.52,"CSTpjuvs MLDpjuv SSHjas.pre",NA,NA,8.08040743
"380",380,"Hake",1.969,0.2119,105.29414093581,0.4,"CSTpjuvs MLDlate SSHjas.pre",NA,NA,7.90240743
"381",381,"Hake",2.045,0.4065,102.143038739007,0.6,"CSTeggs CSTpjuvs SSHjas.pre",NA,NA,7.9687094
"382",382,"Hake",2.49,0.0996,107.840159803263,0.28,"MLDlarv SSHjas.pre Tspawn",NA,NA,8.92121195
"383",383,"Hake",2.51,0.0996,107.855365007592,0.32,"DDspawn MLDlarv SSHjas.pre",NA,NA,9.08125138
"384",384,"Hake",1.99,0.155,106.419654364334,0.44,"MLDlarv PUTlate SSHjas.pre",NA,NA,7.92121195
"385",385,"Hake",2.031,0.2799,104.472763901769,0.52,"CSTeggs MLDlarv SSHjas.pre",NA,NA,7.9407094
"386",386,"Hake",2.046,0.1995,106.118505600738,0.52,"PUTlate SSHjas.pre Tspawn",NA,NA,7.89908909
"387",387,"Hake",2.756,0.1045,107.423283907126,0.44,"MLDpjuv SSHjas.pre Tspawn",NA,NA,10.17823359
"388",388,"Hake",2.135,0.1382,106.620214161005,0.32,"MLDlate SSHjas.pre Tspawn",NA,NA,8.31264693
"389",389,"Hake",1.909,0.372,101.828189230843,0.64,"CSTeggs SSHjas.pre Tspawn",NA,NA,7.6967094
"390",390,"Hake",2.029,0.2017,106.080082655992,0.52,"DDspawn PUTlate SSHjas.pre",NA,NA,8.11925138
"391",391,"Hake",2.735,0.1048,107.410608941872,0.44,"DDspawn MLDpjuv SSHjas.pre",NA,NA,9.53125138
"392",392,"Hake",2.126,0.1396,106.615912827604,0.32,"DDspawn MLDlate SSHjas.pre",NA,NA,8.31325138
"393",393,"Hake",1.87,0.3758,101.693517310435,0.56,"CSTeggs DDspawn SSHjas.pre",NA,NA,7.6187094
"394",394,"Hake",2.096,0.1489,105.918667132265,0.44,"MLDpjuv PUTlate SSHjas.pre",NA,NA,8.85823359
"395",395,"Hake",1.897,0.1901,104.843613622818,0.44,"MLDlate PUTlate SSHjas.pre",NA,NA,7.83664693
"396",396,"Hake",2.202,0.2454,104.875945347627,0.48,"CSTeggs PUTlate SSHjas.pre",NA,NA,8.2827094
"397",397,"Hake",2.029,0.2281,104.916970738351,0.48,"CSTeggs MLDpjuv SSHjas.pre",NA,NA,7.9367094
"398",398,"Hake",2.008,0.2304,104.769683223653,0.44,"CSTeggs MLDlate SSHjas.pre",NA,NA,7.8947094
"399",399,"Hake",2.171,0.1218,107.356901706254,0.4,"PUTpjuv SSHmsc SSHmsn.pre",NA,NA,8.12717713
"400",400,"Hake",2.311,0.1261,106.580979303075,0.32,"LSTegg SSHmsc SSHmsn.pre",NA,NA,8.48460655
"401",401,"Hake",2.632,0.0908,107.569696861946,0.32,"MLDlarv SSHmsc SSHmsn.pre",NA,NA,9.20521195
"402",402,"Hake",2.261,0.1291,107.448965496616,0.32,"PUTlate SSHmsc SSHmsn.pre",NA,NA,8.32908909
"403",403,"Hake",2.204,0.1603,106.757201918613,0.28,"SSHjac.pre SSHmsc SSHmsn.pre",NA,NA,8.57569286
"404",404,"Hake",2.751,0.2007,105.440280969331,0.4,"MLDpjuv SSHmsc SSHmsn.pre",NA,NA,10.16823359
"405",405,"Hake",2.124,0.2097,105.439667520969,0.48,"SSHmsc SSHmsn.pre Tpre",NA,NA,8.51866153
"406",406,"Hake",2.124,0.2097,105.439667527936,0.48,"DDpre SSHmsc SSHmsn.pre",NA,NA,8.17460759
"407",407,"Hake",2.22,0.2044,105.612247547655,0.28,"MLDlate SSHmsc SSHmsn.pre",NA,NA,8.48264693
"408",408,"Hake",1.987,0.074,108.027928570286,0.4,"CSTlaten PUTpjuv SSHmsn.pre",NA,NA,7.77346896
"409",409,"Hake",2.052,0.1023,108.072831155903,0.32,"CSTlaten CSTpjuvs SSHmsn.pre",NA,NA,7.90346896
"410",410,"Hake",2.259,0.0707,108.116122572133,0.32,"CSTlaten MLDlarv SSHmsn.pre",NA,NA,8.31746896
"411",411,"Hake",2.034,0.1526,107.066236231782,0.4,"CSTlaten SSHjac.pre SSHmsn.pre",NA,NA,7.86746896
"412",412,"Hake",2.325,0.1217,106.706126989286,0.36,"CSTlaten MLDpjuv SSHmsn.pre",NA,NA,8.44946896
"413",413,"Hake",2.022,0.1723,106.549305006476,0.48,"CSTlaten SSHmsn.pre Tpre",NA,NA,7.84346896
"414",414,"Hake",2.022,0.1723,106.549305011222,0.48,"CSTlaten DDpre SSHmsn.pre",NA,NA,7.84346896
"415",415,"Hake",2.004,0.137,106.350962742939,0.28,"CSTlaten MLDlate SSHmsn.pre",NA,NA,7.80746896
"416",416,"Hake",2.2,0.1303,107.408559874483,0.32,"PUTpjuv SSHmsn.pre SSHmss",NA,NA,8.18517713
"417",417,"Hake",2.34,0.1285,106.984064827041,0.32,"LSTegg SSHmsn.pre SSHmss",NA,NA,8.54260655
"418",418,"Hake",2.806,0.0847,108.040789286547,0.2,"MLDlarv SSHmsn.pre SSHmss",NA,NA,9.55321195
"419",419,"Hake",2.341,0.1417,107.65606953582,0.32,"PUTlate SSHmsn.pre SSHmss",NA,NA,8.48908909
"420",420,"Hake",2.25,0.1514,107.211010579845,0.24,"SSHjac.pre SSHmsn.pre SSHmss",NA,NA,8.66769286
"421",421,"Hake",2.971,0.1965,105.669035660152,0.4,"MLDpjuv SSHmsn.pre SSHmss",NA,NA,10.60823359
"422",422,"Hake",2.246,0.1774,106.395826963336,0.44,"SSHmsn.pre SSHmss Tpre",NA,NA,8.58472711
"423",423,"Hake",2.246,0.1774,106.395826970244,0.44,"DDpre SSHmsn.pre SSHmss",NA,NA,8.41860759
"424",424,"Hake",2.283,0.2431,105.174253340911,0.2,"MLDlate SSHmsn.pre SSHmss",NA,NA,8.60864693
"425",425,"Hake",2.145,0.0968,107.495172846211,0.36,"LSTegg PUTpjuv SSHmsn.pre",NA,NA,8.15260655
"426",426,"Hake",2.028,0.0793,108.252046975919,0.36,"CSTpjuvs PUTpjuv SSHmsn.pre",NA,NA,8.02040743
"427",427,"Hake",2.105,0.0944,107.470024007698,0.32,"MLDlarv PUTpjuv SSHmsn.pre",NA,NA,8.15121195
"428",428,"Hake",2.126,0.1425,107.268738432599,0.32,"PUTpjuv SSHjac.pre SSHmsn.pre",NA,NA,8.03717713
"429",429,"Hake",2.184,0.1474,106.0263159975,0.4,"MLDpjuv PUTpjuv SSHmsn.pre",NA,NA,9.03423359
"430",430,"Hake",2.071,0.1428,107.239645478225,0.44,"PUTpjuv SSHmsn.pre Tpre",NA,NA,7.92717713
"431",431,"Hake",2.071,0.1428,107.239645482965,0.44,"DDpre PUTpjuv SSHmsn.pre",NA,NA,8.06860759
"432",432,"Hake",1.936,0.1602,105.584608015578,0.32,"MLDlate PUTpjuv SSHmsn.pre",NA,NA,7.91464693
"433",433,"Hake",2.194,0.0815,107.823888394707,0.4,"CSTpjuvs LSTegg SSHmsn.pre",NA,NA,8.35240743
"434",434,"Hake",2.167,0.371,101.955995103705,0.52,"LSTegg MLDlarv SSHmsn.pre",NA,NA,8.19660655
"435",435,"Hake",2.211,0.2024,105.564477325772,0.44,"LSTegg PUTlate SSHmsn.pre",NA,NA,8.28460655
"436",436,"Hake",2.178,0.1141,107.704847133156,0.36,"LSTegg SSHjac.pre SSHmsn.pre",NA,NA,8.21860655
"437",437,"Hake",2.174,0.1378,106.242353265692,0.44,"LSTegg MLDpjuv SSHmsn.pre",NA,NA,8.21060655
"438",438,"Hake",2.17,0.1457,106.950947454772,0.4,"LSTegg SSHmsn.pre Tpre",NA,NA,8.20260655
"439",439,"Hake",2.17,0.1457,106.950947459601,0.4,"DDpre LSTegg SSHmsn.pre",NA,NA,8.26660759
"440",440,"Hake",2.042,0.1913,105.483801061118,0.36,"LSTegg MLDlate SSHmsn.pre",NA,NA,7.94660655
"441",441,"Hake",2.265,0.1409,107.278363952766,0.36,"CSTpjuvs MLDlarv SSHmsn.pre",NA,NA,8.49440743
"442",442,"Hake",2.085,0.1026,108.262683684666,0.28,"CSTpjuvs PUTlate SSHmsn.pre",NA,NA,8.13440743
"443",443,"Hake",2.182,0.1801,107.12973878727,0.36,"CSTpjuvs SSHjac.pre SSHmsn.pre",NA,NA,8.32840743
"444",444,"Hake",2.165,0.1803,106.103462019832,0.48,"CSTpjuvs MLDpjuv SSHmsn.pre",NA,NA,8.29440743
"445",445,"Hake",2.022,0.2544,105.33932028852,0.52,"CSTpjuvs SSHmsn.pre Tpre",NA,NA,8.00840743
"446",446,"Hake",2.022,0.2544,105.339320297271,0.52,"CSTpjuvs DDpre SSHmsn.pre",NA,NA,8.00840743
"447",447,"Hake",1.999,0.228,105.128287640851,0.48,"CSTpjuvs MLDlate SSHmsn.pre",NA,NA,7.96240743
"448",448,"Hake",2.119,0.1272,107.325900089272,0.32,"MLDlarv PUTlate SSHmsn.pre",NA,NA,8.17921195
"449",449,"Hake",2.433,0.1214,107.740522206422,0.16,"MLDlarv SSHjac.pre SSHmsn.pre",NA,NA,8.80721195
"450",450,"Hake",2.487,0.1606,107.213887748339,0.32,"MLDlarv SSHmsn.pre Tpre",NA,NA,8.91521195
"451",451,"Hake",2.487,0.1606,107.213887754161,0.32,"DDpre MLDlarv SSHmsn.pre",NA,NA,8.90060759
"452",452,"Hake",2.003,0.2518,105.599444958287,0.4,"PUTlate SSHjac.pre SSHmsn.pre",NA,NA,7.81308909
"453",453,"Hake",2.189,0.1458,106.010443482781,0.44,"MLDpjuv PUTlate SSHmsn.pre",NA,NA,9.04423359
"454",454,"Hake",2.046,0.225,106.188540248385,0.4,"PUTlate SSHmsn.pre Tpre",NA,NA,7.89908909
"455",455,"Hake",2.046,0.225,106.188540254374,0.4,"DDpre PUTlate SSHmsn.pre",NA,NA,8.01860759
"456",456,"Hake",1.952,0.1799,105.341906025517,0.44,"MLDlate PUTlate SSHmsn.pre",NA,NA,7.94664693
"457",457,"Hake",2.398,0.1709,106.356261053973,0.36,"MLDpjuv SSHjac.pre SSHmsn.pre",NA,NA,9.46223359
"458",458,"Hake",2.073,0.1611,106.414702755839,0.2,"MLDlate SSHjac.pre SSHmsn.pre",NA,NA,8.18864693
"459",459,"Hake",2.104,0.2452,104.322407634031,0.52,"MLDpjuv SSHmsn.pre Tpre",NA,NA,8.87423359
"460",460,"Hake",2.104,0.2452,104.322407643345,0.52,"DDpre MLDpjuv SSHmsn.pre",NA,NA,8.13460759
"461",461,"Hake",2.075,0.2388,104.852627570015,0.32,"MLDlate SSHmsn.pre Tpre",NA,NA,8.19264693
"462",462,"Hake",2.075,0.2388,104.85262757583,0.32,"DDpre MLDlate SSHmsn.pre",NA,NA,8.07660759
"463",463,"Hake",2.15,0.1305,107.346497482395,0.36,"DDyolk PUTpjuv SSHmsc",NA,NA,8.26724383
"464",464,"Hake",2.517,0.1034,107.960956917337,0.32,"LSTegg PUTpjuv SSHmsc",NA,NA,8.89660655
"465",465,"Hake",2.589,0.1415,106.866379680556,0.28,"MLDlarv PUTpjuv SSHmsc",NA,NA,9.11921195
"466",466,"Hake",2.381,0.1074,108.082688532576,0.28,"PUTpjuv SSHmsc Tspawn",NA,NA,8.54717713
"467",467,"Hake",2.379,0.1134,108.005782663635,0.28,"DDspawn PUTpjuv SSHmsc",NA,NA,8.81925138
"468",468,"Hake",2.294,0.1744,106.454646240407,0.36,"PUTpjuv SSHjac.pre SSHmsc",NA,NA,8.37317713
"469",469,"Hake",2.572,0.3076,102.339992609126,0.52,"MLDpjuv PUTpjuv SSHmsc",NA,NA,9.81023359
"470",470,"Hake",2.277,0.1472,107.215333404845,0.32,"PUTpjuv SSHmsc Tpre",NA,NA,8.33917713
"471",471,"Hake",2.277,0.1472,107.215333412447,0.32,"DDpre PUTpjuv SSHmsc",NA,NA,8.48060759
"472",472,"Hake",2.196,0.2917,103.539014911521,0.32,"MLDlate PUTpjuv SSHmsc",NA,NA,8.43464693
"473",473,"Hake",2.285,0.1644,106.78972321596,0.4,"CSTeggs PUTpjuv SSHmsc",NA,NA,8.4487094
"474",474,"Hake",2.75,0.0848,107.769846696554,0.24,"DDyolk MLDlarv SSHmsc",NA,NA,9.46724383
"475",475,"Hake",2.227,0.1543,106.981498424738,0.36,"DDyolk SSHjac.pre SSHmsc",NA,NA,8.42124383
"476",476,"Hake",3.094,0.2022,105.477854225505,0.4,"DDyolk MLDpjuv SSHmsc",NA,NA,10.15524383
"477",477,"Hake",2.118,0.2195,105.247722674941,0.44,"DDyolk SSHmsc Tpre",NA,NA,8.20324383
"478",478,"Hake",2.118,0.2195,105.247722681482,0.44,"DDpre DDyolk SSHmsc",NA,NA,8.16260759
"479",479,"Hake",2.422,0.2146,105.599668492163,0.32,"DDyolk MLDlate SSHmsc",NA,NA,8.81124383
"480",480,"Hake",2.008,0.3101,102.368625301512,0.6,"CSTeggs DDyolk SSHmsc",NA,NA,7.8947094
"481",481,"Hake",2.231,0.3838,101.758379531989,0.44,"LSTegg MLDlarv SSHmsc",NA,NA,8.32460655
"482",482,"Hake",2.233,0.241,106.081652201122,0.36,"LSTegg SSHmsc Tspawn",NA,NA,8.32860655
"483",483,"Hake",2.24,0.2238,106.427121603728,0.36,"DDspawn LSTegg SSHmsc",NA,NA,8.54125138
"484",484,"Hake",2.596,0.1708,106.859545502144,0.44,"LSTegg PUTlate SSHmsc",NA,NA,9.05460655
"485",485,"Hake",2.604,0.096,108.225086247583,0.32,"LSTegg SSHjac.pre SSHmsc",NA,NA,9.07060655
"486",486,"Hake",2.53,0.2134,105.116108444149,0.36,"LSTegg MLDpjuv SSHmsc",NA,NA,8.92260655
"487",487,"Hake",2.537,0.1334,107.623330360918,0.2,"LSTegg SSHmsc Tpre",NA,NA,8.93660655
"488",488,"Hake",2.537,0.1334,107.623330369116,0.2,"DDpre LSTegg SSHmsc",NA,NA,9.00060759
"489",489,"Hake",2.425,0.2306,105.5107038737,0.28,"LSTegg MLDlate SSHmsc",NA,NA,8.71260655
"490",490,"Hake",3.07,0.0675,108.203010963884,0.28,"MLDlarv SSHmsc Tspawn",NA,NA,10.08121195
"491",491,"Hake",3.027,0.0674,108.206460519122,0.28,"DDspawn MLDlarv SSHmsc",NA,NA,10.11525138
"492",492,"Hake",2.655,0.1422,107.079123406784,0.28,"MLDlarv PUTlate SSHmsc",NA,NA,9.25121195
"493",493,"Hake",2.653,0.1253,107.4349511684,0.16,"MLDlarv SSHjac.pre SSHmsc",NA,NA,9.24721195
"494",494,"Hake",2.594,0.1985,106.491500225058,0.24,"MLDlarv SSHmsc Tpre",NA,NA,9.12921195
"495",495,"Hake",2.594,0.1985,106.491500233762,0.24,"DDpre MLDlarv SSHmsc",NA,NA,9.11460759
"496",496,"Hake",2.267,0.2617,105.080960176925,0.44,"CSTeggs MLDlarv SSHmsc",NA,NA,8.4127094
"497",497,"Hake",2.453,0.1128,108.248379949505,0.32,"PUTlate SSHmsc Tspawn",NA,NA,8.71308909
"498",498,"Hake",2.4,0.1604,107.451640677971,0.24,"SSHjac.pre SSHmsc Tspawn",NA,NA,8.96769286
"499",499,"Hake",3.144,0.1915,105.76253421287,0.36,"MLDpjuv SSHmsc Tspawn",NA,NA,10.95423359
"500",500,"Hake",2.082,0.2603,105.470716359084,0.36,"SSHmsc Tpre Tspawn",NA,NA,8.43466153
"501",501,"Hake",2.082,0.2603,105.470716367646,0.36,"DDpre SSHmsc Tspawn",NA,NA,8.09060759
"502",502,"Hake",2.355,0.2066,106.024725704973,0.24,"MLDlate SSHmsc Tspawn",NA,NA,8.75264693
"503",503,"Hake",2.268,0.3109,104.003998519571,0.44,"CSTeggs SSHmsc Tspawn",NA,NA,8.4147094
"504",504,"Hake",2.432,0.1197,108.117527055964,0.32,"DDspawn PUTlate SSHmsc",NA,NA,8.92525138
"505",505,"Hake",2.364,0.1598,107.452453984989,0.24,"DDspawn SSHjac.pre SSHmsc",NA,NA,8.78925138
"506",506,"Hake",3.064,0.1918,105.750028704081,0.36,"DDspawn MLDpjuv SSHmsc",NA,NA,10.18925138
"507",507,"Hake",2.055,0.2667,105.279236221932,0.36,"DDspawn SSHmsc Tpre",NA,NA,8.17125138
"508",508,"Hake",2.055,0.2667,105.279236230633,0.36,"DDpre DDspawn SSHmsc",NA,NA,8.03660759
"509",509,"Hake",2.325,0.2066,106.025908681023,0.24,"DDspawn MLDlate SSHmsc",NA,NA,8.71125138
"510",510,"Hake",2.216,0.3233,103.599485964977,0.44,"CSTeggs DDspawn SSHmsc",NA,NA,8.3107094
"511",511,"Hake",2.425,0.2315,106.225850703617,0.28,"PUTlate SSHjac.pre SSHmsc",NA,NA,8.65708909
"512",512,"Hake",3.059,0.2709,103.495674169462,0.52,"MLDpjuv PUTlate SSHmsc",NA,NA,10.78423359
"513",513,"Hake",2.362,0.2144,106.384728943428,0.32,"PUTlate SSHmsc Tpre",NA,NA,8.53108909
"514",514,"Hake",2.362,0.2144,106.384728952401,0.32,"DDpre PUTlate SSHmsc",NA,NA,8.65060759
"515",515,"Hake",2.343,0.2962,103.71629831239,0.4,"MLDlate PUTlate SSHmsc",NA,NA,8.72864693
"516",516,"Hake",2.34,0.2356,105.637932620501,0.48,"CSTeggs PUTlate SSHmsc",NA,NA,8.5587094
"517",517,"Hake",2.433,0.2209,105.435523245987,0.28,"MLDpjuv SSHjac.pre SSHmsc",NA,NA,9.53223359
"518",518,"Hake",2.272,0.2025,106.017614649101,0.2,"MLDlate SSHjac.pre SSHmsc",NA,NA,8.58664693
"519",519,"Hake",2.574,0.1824,107.014466190755,0.4,"CSTeggs SSHjac.pre SSHmsc",NA,NA,9.0267094
"520",520,"Hake",2.287,0.2931,103.219825603211,0.44,"MLDpjuv SSHmsc Tpre",NA,NA,9.24023359
"521",521,"Hake",2.287,0.2931,103.219825615241,0.44,"DDpre MLDpjuv SSHmsc",NA,NA,8.50060759
"522",522,"Hake",2.457,0.2388,104.742543311904,0.32,"CSTeggs MLDpjuv SSHmsc",NA,NA,8.7927094
"523",523,"Hake",2.308,0.245,105.229911062063,0.32,"MLDlate SSHmsc Tpre",NA,NA,8.65864693
"524",524,"Hake",2.415,0.1497,107.483829307634,0.24,"CSTeggs SSHmsc Tpre",NA,NA,8.7087094
"525",525,"Hake",2.308,0.245,105.229911063743,0.32,"DDpre MLDlate SSHmsc",NA,NA,8.54260759
"526",526,"Hake",2.415,0.1497,107.483829313814,0.24,"CSTeggs DDpre SSHmsc",NA,NA,8.7087094
"527",527,"Hake",2.244,0.2256,104.920050947412,0.4,"CSTeggs MLDlate SSHmsc",NA,NA,8.3667094
"528",528,"Hake",2.016,0.0835,108.128794655896,0.4,"CSTlaten CSTpjuvs PUTpjuv",NA,NA,7.83146896
"529",529,"Hake",1.979,0.1019,107.261407207163,0.4,"CSTlaten MLDlarv PUTpjuv",NA,NA,7.75746896
"530",530,"Hake",2.065,0.1511,106.821307912345,0.48,"CSTlaten PUTpjuv SSHjac.pre",NA,NA,7.92946896
"531",531,"Hake",2.042,0.1571,105.675848003855,0.36,"CSTlaten MLDpjuv PUTpjuv",NA,NA,7.88346896
"532",532,"Hake",1.967,0.1652,106.733387551785,0.48,"CSTlaten PUTpjuv Tpre",NA,NA,7.73346896
"533",533,"Hake",1.967,0.1652,106.733387557667,0.48,"CSTlaten DDpre PUTpjuv",NA,NA,7.73346896
"534",534,"Hake",1.846,0.1621,105.527071875119,0.48,"CSTlaten MLDlate PUTpjuv",NA,NA,7.49146896
"535",535,"Hake",2.146,0.2357,105.445340948669,0.52,"CSTeggs CSTlaten PUTpjuv",NA,NA,8.1707094
"536",536,"Hake",2.045,0.1508,107.031499406944,0.44,"CSTlaten CSTpjuvs MLDlarv",NA,NA,7.88946896
"537",537,"Hake",2.155,0.2054,106.545856647065,0.36,"CSTlaten CSTpjuvs SSHjac.pre",NA,NA,8.10946896
"538",538,"Hake",2.047,0.2035,105.466884196473,0.4,"CSTlaten CSTpjuvs MLDpjuv",NA,NA,7.89346896
"539",539,"Hake",1.966,0.2474,105.569314962713,0.44,"CSTlaten CSTpjuvs Tpre",NA,NA,7.73146896
"540",540,"Hake",1.966,0.2474,105.569314972234,0.44,"CSTlaten CSTpjuvs DDpre",NA,NA,7.73146896
"541",541,"Hake",1.919,0.2114,105.235035732461,0.44,"CSTlaten CSTpjuvs MLDlate",NA,NA,7.63746896
"542",542,"Hake",2.089,0.3163,103.729131925211,0.6,"CSTeggs CSTlaten CSTpjuvs",NA,NA,8.0567094
"543",543,"Hake",2.086,0.1485,107.029168549093,0.32,"CSTlaten MLDlarv SSHjac.pre",NA,NA,7.97146896
"544",544,"Hake",2.084,0.1661,106.651043834139,0.4,"CSTlaten MLDlarv Tpre",NA,NA,7.96746896
"545",545,"Hake",2.084,0.1661,106.651043840324,0.4,"CSTlaten DDpre MLDlarv",NA,NA,7.96746896
"546",546,"Hake",2.053,0.2588,104.617830006611,0.56,"CSTeggs CSTlaten MLDlarv",NA,NA,7.9847094
"547",547,"Hake",2.195,0.1981,105.591705542523,0.36,"CSTlaten MLDpjuv SSHjac.pre",NA,NA,8.18946896
"548",548,"Hake",2.009,0.1605,106.203346042522,0.24,"CSTlaten MLDlate SSHjac.pre",NA,NA,7.81746896
"549",549,"Hake",1.983,0.4248,101.306004801295,0.44,"CSTeggs CSTlaten SSHjac.pre",NA,NA,7.8447094
"550",550,"Hake",2.047,0.2902,102.915031806526,0.52,"CSTlaten MLDpjuv Tpre",NA,NA,7.89346896
"551",551,"Hake",2.047,0.2902,102.915031817601,0.52,"CSTlaten DDpre MLDpjuv",NA,NA,7.89346896
"552",552,"Hake",2.025,0.2866,103.002040425568,0.44,"CSTeggs CSTlaten MLDpjuv",NA,NA,7.9287094
"553",553,"Hake",2.018,0.2245,105.020142525745,0.4,"CSTlaten MLDlate Tpre",NA,NA,7.83546896
"554",554,"Hake",2.214,0.2581,105.482709082858,0.36,"CSTeggs CSTlaten Tpre",NA,NA,8.3067094
"555",555,"Hake",2.018,0.2245,105.020142533244,0.4,"CSTlaten DDpre MLDlate",NA,NA,7.83546896
"556",556,"Hake",2.214,0.2581,105.482709085245,0.36,"CSTeggs CSTlaten DDpre",NA,NA,8.3067094
"557",557,"Hake",2.043,0.2809,103.715332116603,0.52,"CSTeggs CSTlaten MLDlate",NA,NA,7.9647094
"558",558,"Hake",2.214,0.1405,107.263455590051,0.32,"DDyolk PUTpjuv SSHmss",NA,NA,8.39524383
"559",559,"Hake",2.516,0.1153,107.850756983983,0.28,"LSTegg PUTpjuv SSHmss",NA,NA,8.89460655
"560",560,"Hake",2.688,0.1505,106.813414038488,0.32,"MLDlarv PUTpjuv SSHmss",NA,NA,9.31721195
"561",561,"Hake",2.394,0.107,108.093684657829,0.28,"PUTpjuv SSHmss Tspawn",NA,NA,8.57317713
"562",562,"Hake",2.388,0.1105,108.073411731644,0.28,"DDspawn PUTpjuv SSHmss",NA,NA,8.83725138
"563",563,"Hake",2.304,0.1856,106.231300858538,0.44,"PUTpjuv SSHjac.pre SSHmss",NA,NA,8.39317713
"564",564,"Hake",2.693,0.2988,102.643711698873,0.48,"MLDpjuv PUTpjuv SSHmss",NA,NA,10.05223359
"565",565,"Hake",2.343,0.1432,107.487112088863,0.24,"PUTpjuv SSHmss Tpre",NA,NA,8.47117713
"566",566,"Hake",2.343,0.1432,107.487112094171,0.24,"DDpre PUTpjuv SSHmss",NA,NA,8.61260759
"567",567,"Hake",2.21,0.3203,102.784020847016,0.36,"MLDlate PUTpjuv SSHmss",NA,NA,8.46264693
"568",568,"Hake",2.296,0.171,106.659365607597,0.36,"CSTeggs PUTpjuv SSHmss",NA,NA,8.4707094
"569",569,"Hake",3.004,0.0931,108.03543690177,0.2,"DDyolk MLDlarv SSHmss",NA,NA,9.97524383
"570",570,"Hake",2.319,0.1667,107.119383282157,0.32,"DDyolk SSHjac.pre SSHmss",NA,NA,8.60524383
"571",571,"Hake",3.488,0.1994,105.642981936926,0.36,"DDyolk MLDpjuv SSHmss",NA,NA,10.94324383
"572",572,"Hake",2.324,0.1918,106.077388274668,0.4,"DDyolk SSHmss Tpre",NA,NA,8.61524383
"573",573,"Hake",2.324,0.1918,106.077388281133,0.4,"DDpre DDyolk SSHmss",NA,NA,8.57460759
"574",574,"Hake",2.445,0.3518,103.380929232806,0.44,"DDyolk MLDlate SSHmss",NA,NA,8.85724383
"575",575,"Hake",1.979,0.3092,102.422061899761,0.64,"CSTeggs DDyolk SSHmss",NA,NA,7.8367094
"576",576,"Hake",2.285,0.3797,101.753393331231,0.44,"LSTegg MLDlarv SSHmss",NA,NA,8.43260655
"577",577,"Hake",2.267,0.2404,106.197268027408,0.4,"LSTegg SSHmss Tspawn",NA,NA,8.39660655
"578",578,"Hake",2.279,0.2239,106.558844133609,0.36,"DDspawn LSTegg SSHmss",NA,NA,8.61925138
"579",579,"Hake",2.595,0.2069,106.271103036372,0.44,"LSTegg PUTlate SSHmss",NA,NA,9.05260655
"580",580,"Hake",2.609,0.0959,108.461729636422,0.24,"LSTegg SSHjac.pre SSHmss",NA,NA,9.08060655
"581",581,"Hake",2.598,0.2121,105.230244457893,0.4,"LSTegg MLDpjuv SSHmss",NA,NA,9.05860655
"582",582,"Hake",2.599,0.1145,108.11958854186,0.16,"LSTegg SSHmss Tpre",NA,NA,9.06060655
"583",583,"Hake",2.599,0.1145,108.119588549728,0.16,"DDpre LSTegg SSHmss",NA,NA,9.12460759
"584",584,"Hake",2.374,0.264,104.850842342602,0.24,"LSTegg MLDlate SSHmss",NA,NA,8.61060655
"585",585,"Hake",3.061,0.055,108.595748074833,0.24,"MLDlarv SSHmss Tspawn",NA,NA,10.06321195
"586",586,"Hake",3.032,0.0552,108.601035597434,0.24,"DDspawn MLDlarv SSHmss",NA,NA,10.12525138
"587",587,"Hake",2.832,0.1674,106.919500057955,0.28,"MLDlarv PUTlate SSHmss",NA,NA,9.60521195
"588",588,"Hake",2.844,0.1161,107.790583361737,0.12,"MLDlarv SSHjac.pre SSHmss",NA,NA,9.62921195
"589",589,"Hake",2.824,0.1804,107.054178412139,0.2,"MLDlarv SSHmss Tpre",NA,NA,9.58921195
"590",590,"Hake",2.824,0.1804,107.054178420233,0.2,"DDpre MLDlarv SSHmss",NA,NA,9.57460759
"591",591,"Hake",2.416,0.2746,104.810231653221,0.48,"CSTeggs MLDlarv SSHmss",NA,NA,8.7107094
"592",592,"Hake",2.487,0.1304,108.156701915836,0.32,"PUTlate SSHmss Tspawn",NA,NA,8.78108909
"593",593,"Hake",2.459,0.1502,107.787062496552,0.2,"SSHjac.pre SSHmss Tspawn",NA,NA,9.08569286
"594",594,"Hake",3.311,0.1885,105.939290469298,0.32,"MLDpjuv SSHmss Tspawn",NA,NA,11.28823359
"595",595,"Hake",2.301,0.2423,106.053705147693,0.28,"SSHmss Tpre Tspawn",NA,NA,9.04346904
"596",596,"Hake",2.301,0.2423,106.053705156366,0.28,"DDpre SSHmss Tspawn",NA,NA,8.52860759
"597",597,"Hake",2.362,0.2395,105.473180205411,0.32,"MLDlate SSHmss Tspawn",NA,NA,8.76664693
"598",598,"Hake",2.275,0.312,103.991199976669,0.48,"CSTeggs SSHmss Tspawn",NA,NA,8.4287094
"599",599,"Hake",2.474,0.1376,108.053667531131,0.32,"DDspawn PUTlate SSHmss",NA,NA,9.00925138
"600",600,"Hake",2.417,0.1494,107.789832540985,0.2,"DDspawn SSHjac.pre SSHmss",NA,NA,8.89525138
"601",601,"Hake",3.226,0.1887,105.928046201223,0.32,"DDspawn MLDpjuv SSHmss",NA,NA,10.51325138
"602",602,"Hake",2.286,0.248,105.886949252393,0.28,"DDspawn SSHmss Tpre",NA,NA,8.63325138
"603",603,"Hake",2.286,0.248,105.88694926122,0.28,"DDpre DDspawn SSHmss",NA,NA,8.49860759
"604",604,"Hake",2.33,0.2397,105.471022880055,0.32,"DDspawn MLDlate SSHmss",NA,NA,8.72125138
"605",605,"Hake",2.231,0.3241,103.593180356616,0.48,"CSTeggs DDspawn SSHmss",NA,NA,8.3407094
"606",606,"Hake",2.469,0.2585,105.866130102832,0.36,"PUTlate SSHjac.pre SSHmss",NA,NA,8.74508909
"607",607,"Hake",3.354,0.2783,103.31608718943,0.52,"MLDpjuv PUTlate SSHmss",NA,NA,11.37423359
"608",608,"Hake",2.487,0.2038,106.720166398147,0.32,"PUTlate SSHmss Tpre",NA,NA,8.78108909
"609",609,"Hake",2.487,0.2038,106.720166406368,0.32,"DDpre PUTlate SSHmss",NA,NA,8.90060759
"610",610,"Hake",2.377,0.3518,102.308157966827,0.32,"MLDlate PUTlate SSHmss",NA,NA,8.79664693
"611",611,"Hake",2.332,0.2544,105.185669069489,0.44,"CSTeggs PUTlate SSHmss",NA,NA,8.5427094
"612",612,"Hake",2.553,0.2204,105.575972708082,0.28,"MLDpjuv SSHjac.pre SSHmss",NA,NA,9.77223359
"613",613,"Hake",2.286,0.2386,105.442789653249,0.24,"MLDlate SSHjac.pre SSHmss",NA,NA,8.61464693
"614",614,"Hake",2.473,0.1834,107.074914442934,0.32,"CSTeggs SSHjac.pre SSHmss",NA,NA,8.8247094
"615",615,"Hake",2.431,0.2888,103.576319416364,0.4,"MLDpjuv SSHmss Tpre",NA,NA,9.52823359
"616",616,"Hake",2.431,0.2888,103.576319427453,0.4,"DDpre MLDpjuv SSHmss",NA,NA,8.78860759
"617",617,"Hake",2.57,0.2446,104.715525895231,0.28,"CSTeggs MLDpjuv SSHmss",NA,NA,9.0187094
"618",618,"Hake",2.302,0.2821,104.408181963676,0.32,"MLDlate SSHmss Tpre",NA,NA,8.64664693
"619",619,"Hake",2.426,0.1434,107.73294208988,0.28,"CSTeggs SSHmss Tpre",NA,NA,8.7307094
"620",620,"Hake",2.302,0.2821,104.40818196394,0.32,"DDpre MLDlate SSHmss",NA,NA,8.53060759
"621",621,"Hake",2.426,0.1434,107.732942094634,0.28,"CSTeggs DDpre SSHmss",NA,NA,8.7307094
"622",622,"Hake",2.27,0.2349,104.754618846501,0.32,"CSTeggs MLDlate SSHmss",NA,NA,8.4187094
"623",623,"Hake",2,0.0634,108.379278690698,0.4,"CSTpjuvs DDyolk PUTpjuv",NA,NA,7.96440743
"624",624,"Hake",2.148,0.095,107.453376609036,0.32,"DDyolk MLDlarv PUTpjuv",NA,NA,8.26324383
"625",625,"Hake",2.076,0.1409,107.178878771285,0.32,"DDyolk PUTpjuv SSHjac.pre",NA,NA,8.11924383
"626",626,"Hake",2.158,0.1442,106.055403431993,0.4,"DDyolk MLDpjuv PUTpjuv",NA,NA,8.28324383
"627",627,"Hake",1.976,0.1654,106.730513162838,0.48,"DDyolk PUTpjuv Tpre",NA,NA,7.91924383
"628",628,"Hake",1.976,0.1654,106.730513167324,0.48,"DDpre DDyolk PUTpjuv",NA,NA,7.87860759
"629",629,"Hake",1.875,0.1585,105.636503554847,0.4,"DDyolk MLDlate PUTpjuv",NA,NA,7.71724383
"630",630,"Hake",1.853,0.3248,101.862076669976,0.6,"CSTeggs DDyolk PUTpjuv",NA,NA,7.5847094
"631",631,"Hake",2.262,0.0523,108.607017332465,0.36,"CSTpjuvs LSTegg PUTpjuv",NA,NA,8.48840743
"632",632,"Hake",1.989,0.3683,102.036166207991,0.48,"LSTegg MLDlarv PUTpjuv",NA,NA,7.84060655
"633",633,"Hake",2.166,0.2375,106.342423612399,0.44,"LSTegg PUTpjuv Tspawn",NA,NA,8.19460655
"634",634,"Hake",2.21,0.2273,106.590432211298,0.36,"DDspawn LSTegg PUTpjuv",NA,NA,8.48125138
"635",635,"Hake",2.267,0.1059,107.47652251177,0.4,"LSTegg PUTpjuv SSHjac.pre",NA,NA,8.39660655
"636",636,"Hake",1.982,0.1675,105.367346275274,0.48,"LSTegg MLDpjuv PUTpjuv",NA,NA,7.82660655
"637",637,"Hake",2.28,0.1223,107.733597734952,0.36,"LSTegg PUTpjuv Tpre",NA,NA,8.42260655
"638",638,"Hake",2.28,0.1223,107.733597740635,0.36,"DDpre LSTegg PUTpjuv",NA,NA,8.48660759
"639",639,"Hake",1.974,0.1688,105.456074344057,0.36,"LSTegg MLDlate PUTpjuv",NA,NA,7.81060655
"640",640,"Hake",2.055,0.1486,106.855224141859,0.4,"CSTpjuvs MLDlarv PUTpjuv",NA,NA,8.07440743
"641",641,"Hake",2.256,0.0857,108.553794921278,0.28,"CSTpjuvs PUTpjuv Tspawn",NA,NA,8.47640743
"642",642,"Hake",2.262,0.0971,108.422613228148,0.28,"CSTpjuvs DDspawn PUTpjuv",NA,NA,8.48840743
"643",643,"Hake",2.206,0.1333,107.487166695164,0.36,"CSTpjuvs PUTpjuv SSHjac.pre",NA,NA,8.37640743
"644",644,"Hake",1.98,0.1899,105.536299934129,0.48,"CSTpjuvs MLDpjuv PUTpjuv",NA,NA,7.92440743
"645",645,"Hake",2.095,0.1989,106.724106134255,0.36,"CSTpjuvs PUTpjuv Tpre",NA,NA,8.15440743
"646",646,"Hake",2.095,0.1989,106.724106144508,0.36,"CSTpjuvs DDpre PUTpjuv",NA,NA,8.15440743
"647",647,"Hake",1.927,0.2063,105.099166108789,0.4,"CSTpjuvs MLDlate PUTpjuv",NA,NA,7.81840743
"648",648,"Hake",1.975,0.2971,104.398091877057,0.68,"CSTeggs CSTpjuvs PUTpjuv",NA,NA,7.8287094
"649",649,"Hake",2.557,0.101,107.288404595055,0.32,"MLDlarv PUTpjuv Tspawn",NA,NA,9.05521195
"650",650,"Hake",2.578,0.0999,107.319018707768,0.32,"DDspawn MLDlarv PUTpjuv",NA,NA,9.21725138
"651",651,"Hake",2.051,0.1442,106.435519486971,0.36,"MLDlarv PUTpjuv SSHjac.pre",NA,NA,8.04321195
"652",652,"Hake",2.136,0.1494,106.844563530424,0.36,"MLDlarv PUTpjuv Tpre",NA,NA,8.21321195
"653",653,"Hake",2.136,0.1494,106.844563536006,0.36,"DDpre MLDlarv PUTpjuv",NA,NA,8.19860759
"654",654,"Hake",1.981,0.2847,103.880009667956,0.44,"CSTeggs MLDlarv PUTpjuv",NA,NA,7.8407094
"655",655,"Hake",2.273,0.2675,105.639168496103,0.44,"PUTpjuv SSHjac.pre Tspawn",NA,NA,8.33117713
"656",656,"Hake",2.696,0.144,106.063861405212,0.36,"MLDpjuv PUTpjuv Tspawn",NA,NA,10.05823359
"657",657,"Hake",2.243,0.2551,106.003277685938,0.32,"PUTpjuv Tpre Tspawn",NA,NA,8.27117713
"658",658,"Hake",2.243,0.2551,106.00327769597,0.32,"DDpre PUTpjuv Tspawn",NA,NA,8.41260759
"659",659,"Hake",2.024,0.1585,105.636419172382,0.4,"MLDlate PUTpjuv Tspawn",NA,NA,8.09064693
"660",660,"Hake",2.011,0.3445,102.808614282064,0.56,"CSTeggs PUTpjuv Tspawn",NA,NA,7.9007094
"661",661,"Hake",2.246,0.2587,105.81545953537,0.44,"DDspawn PUTpjuv SSHjac.pre",NA,NA,8.55325138
"662",662,"Hake",2.696,0.1441,106.060337054837,0.4,"DDspawn MLDpjuv PUTpjuv",NA,NA,9.45325138
"663",663,"Hake",2.214,0.2541,105.950326974387,0.4,"DDspawn PUTpjuv Tpre",NA,NA,8.48925138
"664",664,"Hake",2.214,0.2541,105.95032698428,0.4,"DDpre DDspawn PUTpjuv",NA,NA,8.35460759
"665",665,"Hake",1.979,0.1577,105.659790918691,0.4,"DDspawn MLDlate PUTpjuv",NA,NA,8.01925138
"666",666,"Hake",1.985,0.3575,102.357261768372,0.56,"CSTeggs DDspawn PUTpjuv",NA,NA,7.8487094
"667",667,"Hake",2.094,0.1794,105.656261966781,0.4,"MLDpjuv PUTpjuv SSHjac.pre",NA,NA,8.85423359
"668",668,"Hake",1.874,0.1731,105.19891651865,0.48,"MLDlate PUTpjuv SSHjac.pre",NA,NA,7.79064693
"669",669,"Hake",2.148,0.2235,105.42044466263,0.48,"CSTeggs PUTpjuv SSHjac.pre",NA,NA,8.1747094
"670",670,"Hake",1.966,0.2618,103.751043272344,0.44,"MLDpjuv PUTpjuv Tpre",NA,NA,8.59823359
"671",671,"Hake",1.966,0.2618,103.751043283407,0.44,"DDpre MLDpjuv PUTpjuv",NA,NA,7.85860759
"672",672,"Hake",1.901,0.2898,102.901581347681,0.52,"CSTeggs MLDpjuv PUTpjuv",NA,NA,7.6807094
"673",673,"Hake",1.999,0.2038,105.176712223785,0.36,"MLDlate PUTpjuv Tpre",NA,NA,8.04064693
"674",674,"Hake",2.138,0.1811,106.406518967658,0.48,"CSTeggs PUTpjuv Tpre",NA,NA,8.1547094
"675",675,"Hake",1.999,0.2038,105.176712230461,0.36,"DDpre MLDlate PUTpjuv",NA,NA,7.92460759
"676",676,"Hake",2.138,0.1811,106.406518969359,0.48,"CSTeggs DDpre PUTpjuv",NA,NA,8.1547094
"677",677,"Hake",1.905,0.2783,103.249055257665,0.4,"CSTeggs MLDlate PUTpjuv",NA,NA,7.6887094
"678",678,"Hake",2.295,0.1338,107.445184415336,0.36,"CSTpjuvs DDyolk MLDlarv",NA,NA,8.55440743
"679",679,"Hake",2.176,0.1701,107.30591667482,0.36,"CSTpjuvs DDyolk SSHjac.pre",NA,NA,8.31640743
"680",680,"Hake",2.208,0.1708,106.338838287269,0.48,"CSTpjuvs DDyolk MLDpjuv",NA,NA,8.38040743
"681",681,"Hake",2.01,0.2498,105.412533649467,0.48,"CSTpjuvs DDyolk Tpre",NA,NA,7.98440743
"682",682,"Hake",2.01,0.2498,105.412533657395,0.48,"CSTpjuvs DDpre DDyolk",NA,NA,7.98440743
"683",683,"Hake",2.005,0.2117,105.524068901307,0.4,"CSTpjuvs DDyolk MLDlate",NA,NA,7.97440743
"684",684,"Hake",1.818,0.4309,99.2902132479282,0.68,"CSTeggs CSTpjuvs DDyolk",NA,NA,7.5147094
"685",685,"Hake",2.367,0.1293,107.567539778332,0.24,"DDyolk MLDlarv SSHjac.pre",NA,NA,8.70124383
"686",686,"Hake",2.384,0.1607,106.822634849377,0.4,"DDyolk MLDlarv Tpre",NA,NA,8.73524383
"687",687,"Hake",2.384,0.1607,106.822634854168,0.4,"DDpre DDyolk MLDlarv",NA,NA,8.69460759
"688",688,"Hake",1.89,0.3238,101.905723317906,0.52,"CSTeggs DDyolk MLDlarv",NA,NA,7.6587094
"689",689,"Hake",2.418,0.1713,106.367683370853,0.28,"DDyolk MLDpjuv SSHjac.pre",NA,NA,8.80324383
"690",690,"Hake",2.065,0.1556,106.495700031999,0.2,"DDyolk MLDlate SSHjac.pre",NA,NA,8.09724383
"691",691,"Hake",1.94,0.3953,100.476056676416,0.48,"CSTeggs DDyolk SSHjac.pre",NA,NA,7.7587094
"692",692,"Hake",2.163,0.2613,103.866355327976,0.48,"DDyolk MLDpjuv Tpre",NA,NA,8.29324383
"693",693,"Hake",2.163,0.2613,103.866355337066,0.48,"DDpre DDyolk MLDpjuv",NA,NA,8.25260759
"694",694,"Hake",2.315,0.3456,101.071551698909,0.48,"CSTeggs DDyolk MLDpjuv",NA,NA,8.5087094
"695",695,"Hake",2.062,0.2488,104.643189848319,0.4,"DDyolk MLDlate Tpre",NA,NA,8.09124383
"696",696,"Hake",1.955,0.3278,102.024124000275,0.56,"CSTeggs DDyolk Tpre",NA,NA,7.7887094
"697",697,"Hake",2.062,0.2488,104.643189854744,0.4,"DDpre DDyolk MLDlate",NA,NA,8.05060759
"698",698,"Hake",1.955,0.3278,102.024124002721,0.56,"CSTeggs DDpre DDyolk",NA,NA,7.7887094
"699",699,"Hake",1.848,0.3524,100.805982769274,0.52,"CSTeggs DDyolk MLDlate",NA,NA,7.5747094
"700",700,"Hake",2.053,0.3765,102.005617121757,0.4,"CSTpjuvs LSTegg MLDlarv",NA,NA,8.07040743
"701",701,"Hake",2.221,0.3061,105.337613000793,0.44,"CSTpjuvs LSTegg Tspawn",NA,NA,8.40640743
"702",702,"Hake",2.236,0.2956,105.645706666625,0.48,"CSTpjuvs DDspawn LSTegg",NA,NA,8.43640743
"703",703,"Hake",2.252,0.1547,106.840964397341,0.52,"CSTpjuvs LSTegg PUTlate",NA,NA,8.46840743
"704",704,"Hake",2.5,0.1416,108.065004883095,0.28,"CSTpjuvs LSTegg SSHjac.pre",NA,NA,8.96440743
"705",705,"Hake",2.158,0.1678,106.147051870591,0.44,"CSTpjuvs LSTegg MLDpjuv",NA,NA,8.28040743
"706",706,"Hake",2.348,0.2087,106.68800495089,0.4,"CSTpjuvs LSTegg Tpre",NA,NA,8.66040743
"707",707,"Hake",2.348,0.2087,106.688004961503,0.4,"CSTpjuvs DDpre LSTegg",NA,NA,8.66040743
"708",708,"Hake",2.141,0.2273,105.46533506293,0.24,"CSTpjuvs LSTegg MLDlate",NA,NA,8.24640743
"709",709,"Hake",2.14,0.3847,101.443884066567,0.44,"LSTegg MLDlarv Tspawn",NA,NA,8.14260655
"710",710,"Hake",2.111,0.3854,101.418034790394,0.4,"DDspawn LSTegg MLDlarv",NA,NA,8.28325138
"711",711,"Hake",1.957,0.4077,100.603847875715,0.44,"LSTegg MLDlarv PUTlate",NA,NA,7.77660655
"712",712,"Hake",2.039,0.3814,101.592265631343,0.48,"LSTegg MLDlarv SSHjac.pre",NA,NA,7.94060655
"713",713,"Hake",1.944,0.4868,97.8671503487478,0.4,"LSTegg MLDlarv Tpre",NA,NA,7.75060655
"714",714,"Hake",1.944,0.4868,97.8671503584851,0.4,"DDpre LSTegg MLDlarv",NA,NA,7.81460759
"715",715,"Hake",2.072,0.3512,103.404347589858,0.44,"LSTegg PUTlate Tspawn",NA,NA,8.00660655
"716",716,"Hake",2.22,0.2127,106.787218329623,0.36,"LSTegg SSHjac.pre Tspawn",NA,NA,8.30260655
"717",717,"Hake",2.643,0.2743,104.848106795783,0.36,"LSTegg MLDpjuv Tspawn",NA,NA,9.14860655
"718",718,"Hake",2.215,0.2875,105.385813188905,0.32,"LSTegg Tpre Tspawn",NA,NA,8.29260655
"719",719,"Hake",2.215,0.2875,105.385813193986,0.32,"DDpre LSTegg Tspawn",NA,NA,8.35660759
"720",720,"Hake",2.159,0.3067,104.717830963242,0.32,"LSTegg MLDlate Tspawn",NA,NA,8.18060655
"721",721,"Hake",2.128,0.3355,103.822793352772,0.44,"DDspawn LSTegg PUTlate",NA,NA,8.31725138
"722",722,"Hake",2.23,0.1914,107.192474240459,0.28,"DDspawn LSTegg SSHjac.pre",NA,NA,8.52125138
"723",723,"Hake",2.592,0.2594,105.113672961996,0.44,"DDspawn LSTegg MLDpjuv",NA,NA,9.24525138
"724",724,"Hake",2.219,0.2771,105.628068766602,0.32,"DDspawn LSTegg Tpre",NA,NA,8.49925138
"725",725,"Hake",2.219,0.2771,105.628068771806,0.32,"DDpre DDspawn LSTegg",NA,NA,8.36460759
"726",726,"Hake",2.16,0.2876,105.053033899579,0.24,"DDspawn LSTegg MLDlate",NA,NA,8.38125138
"727",727,"Hake",2.347,0.2312,105.66952512275,0.4,"LSTegg PUTlate SSHjac.pre",NA,NA,8.55660655
"728",728,"Hake",1.968,0.2736,102.631448255632,0.56,"LSTegg MLDpjuv PUTlate",NA,NA,7.79860655
"729",729,"Hake",2.325,0.2391,105.641214059781,0.36,"LSTegg PUTlate Tpre",NA,NA,8.51260655
"730",730,"Hake",2.325,0.2391,105.641214067704,0.36,"DDpre LSTegg PUTlate",NA,NA,8.57660759
"731",731,"Hake",2.02,0.2688,103.105556739021,0.48,"LSTegg MLDlate PUTlate",NA,NA,7.90260655
"732",732,"Hake",2.141,0.1439,106.651594088423,0.36,"LSTegg MLDpjuv SSHjac.pre",NA,NA,8.14460655
"733",733,"Hake",2.124,0.154,106.453735400248,0.2,"LSTegg MLDlate SSHjac.pre",NA,NA,8.11060655
"734",734,"Hake",2.053,0.2377,104.50703236398,0.48,"LSTegg MLDpjuv Tpre",NA,NA,7.96860655
"735",735,"Hake",2.053,0.2377,104.507032375246,0.48,"DDpre LSTegg MLDpjuv",NA,NA,8.03260759
"736",736,"Hake",2.178,0.2135,105.552010374784,0.32,"LSTegg MLDlate Tpre",NA,NA,8.21860655
"737",737,"Hake",2.178,0.2135,105.552010380995,0.32,"DDpre LSTegg MLDlate",NA,NA,8.28260759
"738",738,"Hake",2.583,0.1387,107.35424140276,0.28,"CSTpjuvs MLDlarv Tspawn",NA,NA,9.13040743
"739",739,"Hake",2.604,0.1365,107.405873184746,0.28,"CSTpjuvs DDspawn MLDlarv",NA,NA,9.17240743
"740",740,"Hake",2.102,0.1746,106.588530934727,0.32,"CSTpjuvs MLDlarv PUTlate",NA,NA,8.16840743
"741",741,"Hake",2.235,0.2077,106.286843705435,0.24,"CSTpjuvs MLDlarv SSHjac.pre",NA,NA,8.43440743
"742",742,"Hake",2.04,0.2752,104.763808959786,0.36,"CSTpjuvs MLDlarv Tpre",NA,NA,8.04440743
"743",743,"Hake",2.04,0.2752,104.763808972662,0.36,"CSTpjuvs DDpre MLDlarv",NA,NA,8.04440743
"744",744,"Hake",1.729,0.4674,97.9016739998993,0.64,"CSTeggs CSTpjuvs MLDlarv",NA,NA,7.3367094
"745",745,"Hake",2.255,0.1167,108.335571023428,0.36,"CSTpjuvs PUTlate Tspawn",NA,NA,8.47440743
"746",746,"Hake",2.445,0.2166,107.051128117529,0.4,"CSTpjuvs SSHjac.pre Tspawn",NA,NA,8.85440743
"747",747,"Hake",2.685,0.1724,106.326600050435,0.44,"CSTpjuvs MLDpjuv Tspawn",NA,NA,9.33440743
"748",748,"Hake",1.945,0.3857,102.644037719225,0.52,"CSTpjuvs Tpre Tspawn",NA,NA,7.85440743
"749",749,"Hake",1.945,0.3857,102.644037732483,0.52,"CSTpjuvs DDpre Tspawn",NA,NA,7.85440743
"750",750,"Hake",2.184,0.2087,105.704439281052,0.4,"CSTpjuvs MLDlate Tspawn",NA,NA,8.33240743
"751",751,"Hake",1.77,0.5419,96.015733111504,0.68,"CSTeggs CSTpjuvs Tspawn",NA,NA,7.4187094
"752",752,"Hake",2.243,0.1263,108.190367578956,0.36,"CSTpjuvs DDspawn PUTlate",NA,NA,8.45040743
"753",753,"Hake",2.407,0.215,107.055203951681,0.4,"CSTpjuvs DDspawn SSHjac.pre",NA,NA,8.77840743
"754",754,"Hake",2.674,0.1744,106.279876726126,0.4,"CSTpjuvs DDspawn MLDpjuv",NA,NA,9.31240743
"755",755,"Hake",1.933,0.3929,102.363546967088,0.52,"CSTpjuvs DDspawn Tpre",NA,NA,7.83040743
"756",756,"Hake",1.933,0.3929,102.363546980842,0.52,"CSTpjuvs DDpre DDspawn",NA,NA,7.83040743
"757",757,"Hake",2.194,0.2091,105.705319262095,0.32,"CSTpjuvs DDspawn MLDlate",NA,NA,8.35240743
"758",758,"Hake",1.72,0.561,94.9923919946537,0.68,"CSTeggs CSTpjuvs DDspawn",NA,NA,7.3187094
"759",759,"Hake",2.23,0.2402,106.039244841722,0.36,"CSTpjuvs PUTlate SSHjac.pre",NA,NA,8.42440743
"760",760,"Hake",2.086,0.2136,105.054612470009,0.48,"CSTpjuvs MLDpjuv PUTlate",NA,NA,8.13640743
"761",761,"Hake",2.161,0.2369,106.197856464446,0.28,"CSTpjuvs PUTlate Tpre",NA,NA,8.28640743
"762",762,"Hake",2.161,0.2369,106.197856474494,0.28,"CSTpjuvs DDpre PUTlate",NA,NA,8.28640743
"763",763,"Hake",1.9,0.2438,104.152660608719,0.4,"CSTpjuvs MLDlate PUTlate",NA,NA,7.76440743
"764",764,"Hake",2.164,0.3164,104.107990823546,0.56,"CSTeggs CSTpjuvs PUTlate",NA,NA,8.2067094
"765",765,"Hake",2.195,0.2354,105.457649155257,0.4,"CSTpjuvs MLDpjuv SSHjac.pre",NA,NA,8.35440743
"766",766,"Hake",2.12,0.2102,105.588634541788,0.4,"CSTpjuvs MLDlate SSHjac.pre",NA,NA,8.20440743
"767",767,"Hake",2.136,0.4052,101.906914359743,0.6,"CSTeggs CSTpjuvs SSHjac.pre",NA,NA,8.1507094
"768",768,"Hake",1.905,0.4035,100.302347764814,0.6,"CSTpjuvs MLDpjuv Tpre",NA,NA,7.77440743
"769",769,"Hake",1.905,0.4035,100.302347788285,0.6,"CSTpjuvs DDpre MLDpjuv",NA,NA,7.77440743
"770",770,"Hake",1.786,0.4489,98.6661804159091,0.56,"CSTeggs CSTpjuvs MLDpjuv",NA,NA,7.4507094
"771",771,"Hake",1.98,0.3382,103.142716826936,0.48,"CSTpjuvs MLDlate Tpre",NA,NA,7.92440743
"772",772,"Hake",2.119,0.3508,103.38954720265,0.48,"CSTeggs CSTpjuvs Tpre",NA,NA,8.1167094
"773",773,"Hake",1.98,0.3382,103.142716841875,0.48,"CSTpjuvs DDpre MLDlate",NA,NA,7.92440743
"774",774,"Hake",2.119,0.3508,103.389547209451,0.48,"CSTeggs CSTpjuvs DDpre",NA,NA,8.1167094
"775",775,"Hake",1.718,0.4808,97.229729238109,0.68,"CSTeggs CSTpjuvs MLDlate",NA,NA,7.3147094
"776",776,"Hake",2.361,0.1951,105.650674493526,0.6,"MLDlarv PUTlate Tspawn",NA,NA,8.66321195
"777",777,"Hake",2.678,0.1456,107.726159149065,0.16,"MLDlarv SSHjac.pre Tspawn",NA,NA,9.29721195
"778",778,"Hake",2.561,0.2372,106.122317395067,0.4,"MLDlarv Tpre Tspawn",NA,NA,9.06321195
"779",779,"Hake",2.561,0.2372,106.122317405392,0.4,"DDpre MLDlarv Tspawn",NA,NA,9.04860759
"780",780,"Hake",2.502,0.3085,103.952968500614,0.48,"CSTeggs MLDlarv Tspawn",NA,NA,8.8827094
"781",781,"Hake",2.374,0.1893,105.805217336928,0.56,"DDspawn MLDlarv PUTlate",NA,NA,8.80925138
"782",782,"Hake",2.704,0.1456,107.734181120143,0.16,"DDspawn MLDlarv SSHjac.pre",NA,NA,9.46925138
"783",783,"Hake",2.657,0.2334,106.218698061777,0.36,"DDspawn MLDlarv Tpre",NA,NA,9.37525138
"784",784,"Hake",2.657,0.2334,106.218698072196,0.36,"DDpre DDspawn MLDlarv",NA,NA,9.24060759
"785",785,"Hake",2.49,0.3213,103.561505616865,0.48,"CSTeggs DDspawn MLDlarv",NA,NA,8.8587094
"786",786,"Hake",1.983,0.2608,105.074436106423,0.44,"MLDlarv PUTlate SSHjac.pre",NA,NA,7.90721195
"787",787,"Hake",2.148,0.2332,105.738269977809,0.36,"MLDlarv PUTlate Tpre",NA,NA,8.23721195
"788",788,"Hake",2.148,0.2332,105.738269985206,0.36,"DDpre MLDlarv PUTlate",NA,NA,8.22260759
"789",789,"Hake",1.936,0.3476,102.038755080646,0.52,"CSTeggs MLDlarv PUTlate",NA,NA,7.7507094
"790",790,"Hake",2.076,0.3466,103.5238072814,0.52,"CSTeggs MLDlarv SSHjac.pre",NA,NA,8.0307094
"791",791,"Hake",2.149,0.2812,104.903973709448,0.52,"CSTeggs MLDlarv Tpre",NA,NA,8.1767094
"792",792,"Hake",2.149,0.2812,104.903973714871,0.52,"CSTeggs DDpre MLDlarv",NA,NA,8.1767094
"793",793,"Hake",2.121,0.2677,105.622983451829,0.36,"PUTlate SSHjac.pre Tspawn",NA,NA,8.04908909
"794",794,"Hake",2.702,0.1545,105.829786665225,0.4,"MLDpjuv PUTlate Tspawn",NA,NA,10.07023359
"795",795,"Hake",1.932,0.3514,103.648629527457,0.52,"PUTlate Tpre Tspawn",NA,NA,7.67108909
"796",796,"Hake",1.932,0.3514,103.648629537348,0.52,"DDpre PUTlate Tspawn",NA,NA,7.79060759
"797",797,"Hake",1.965,0.2234,104.195905976109,0.44,"MLDlate PUTlate Tspawn",NA,NA,7.97264693
"798",798,"Hake",1.947,0.4109,101.04721542641,0.68,"CSTeggs PUTlate Tspawn",NA,NA,7.7727094
"799",799,"Hake",2.89,0.1585,106.676117472688,0.32,"MLDpjuv SSHjac.pre Tspawn",NA,NA,10.44623359
"800",800,"Hake",2.228,0.1291,106.92086677444,0.2,"MLDlate SSHjac.pre Tspawn",NA,NA,8.49864693
"801",801,"Hake",2.041,0.3917,101.928919664349,0.56,"CSTeggs SSHjac.pre Tspawn",NA,NA,7.9607094
"802",802,"Hake",2.674,0.274,104.314913730312,0.44,"MLDpjuv Tpre Tspawn",NA,NA,10.01423359
"803",803,"Hake",2.674,0.274,104.314913741097,0.44,"DDpre MLDpjuv Tspawn",NA,NA,9.27460759
"804",804,"Hake",2.612,0.352,102.307245002142,0.48,"CSTeggs MLDpjuv Tspawn",NA,NA,9.1027094
"805",805,"Hake",2.221,0.2478,105.449073263235,0.24,"MLDlate Tpre Tspawn",NA,NA,8.48464693
"806",806,"Hake",2.103,0.3474,103.404271445357,0.52,"CSTeggs Tpre Tspawn",NA,NA,8.0847094
"807",807,"Hake",2.221,0.2478,105.449073272172,0.24,"DDpre MLDlate Tspawn",NA,NA,8.36860759
"808",808,"Hake",2.103,0.3474,103.404271449039,0.52,"CSTeggs DDpre Tspawn",NA,NA,8.0847094
"809",809,"Hake",2.128,0.3361,102.890982073249,0.48,"CSTeggs MLDlate Tspawn",NA,NA,8.1347094
"810",810,"Hake",2.103,0.2685,105.59673565212,0.36,"DDspawn PUTlate SSHjac.pre",NA,NA,8.26725138
"811",811,"Hake",2.702,0.1522,105.879594423019,0.4,"DDspawn MLDpjuv PUTlate",NA,NA,9.46525138
"812",812,"Hake",1.93,0.3535,103.558527295236,0.52,"DDspawn PUTlate Tpre",NA,NA,7.92125138
"813",813,"Hake",1.93,0.3535,103.558527305482,0.52,"DDpre DDspawn PUTlate",NA,NA,7.78660759
"814",814,"Hake",1.994,0.2193,104.309575576292,0.44,"DDspawn MLDlate PUTlate",NA,NA,8.04925138
"815",815,"Hake",1.9,0.4307,100.294148771215,0.68,"CSTeggs DDspawn PUTlate",NA,NA,7.6787094
"816",816,"Hake",2.858,0.1594,106.651086862186,0.32,"DDspawn MLDpjuv SSHjac.pre",NA,NA,9.77725138
"817",817,"Hake",2.215,0.1299,106.922429228055,0.2,"DDspawn MLDlate SSHjac.pre",NA,NA,8.49125138
"818",818,"Hake",1.994,0.3906,101.902213670648,0.56,"CSTeggs DDspawn SSHjac.pre",NA,NA,7.8667094
"819",819,"Hake",2.662,0.2783,104.220826385773,0.48,"DDspawn MLDpjuv Tpre",NA,NA,9.38525138
"820",820,"Hake",2.662,0.2783,104.220826396478,0.48,"DDpre DDspawn MLDpjuv",NA,NA,9.25060759
"821",821,"Hake",2.566,0.362,101.9813014699,0.48,"CSTeggs DDspawn MLDpjuv",NA,NA,9.0107094
"822",822,"Hake",2.223,0.257,105.307670310249,0.32,"DDspawn MLDlate Tpre",NA,NA,8.50725138
"823",823,"Hake",2.052,0.3557,103.086165839436,0.56,"CSTeggs DDspawn Tpre",NA,NA,7.9827094
"824",824,"Hake",2.223,0.257,105.307670319073,0.32,"DDpre DDspawn MLDlate",NA,NA,8.37260759
"825",825,"Hake",2.052,0.3557,103.086165843041,0.56,"CSTeggs DDpre DDspawn",NA,NA,7.9827094
"826",826,"Hake",2.096,0.3488,102.495019957779,0.48,"CSTeggs DDspawn MLDlate",NA,NA,8.0707094
"827",827,"Hake",2.189,0.2757,104.19206003602,0.4,"MLDpjuv PUTlate SSHjac.pre",NA,NA,9.04423359
"828",828,"Hake",1.997,0.2486,104.616529740494,0.36,"MLDlate PUTlate SSHjac.pre",NA,NA,8.03664693
"829",829,"Hake",2.256,0.3657,102.858788246245,0.44,"CSTeggs PUTlate SSHjac.pre",NA,NA,8.3907094
"830",830,"Hake",2.046,0.3047,102.722537252187,0.56,"MLDpjuv PUTlate Tpre",NA,NA,8.75823359
"831",831,"Hake",2.046,0.3047,102.722537264069,0.56,"DDpre MLDpjuv PUTlate",NA,NA,8.01860759
"832",832,"Hake",1.957,0.3476,100.857421313253,0.64,"CSTeggs MLDpjuv PUTlate",NA,NA,7.7927094
"833",833,"Hake",2.043,0.2575,104.223092876974,0.4,"MLDlate PUTlate Tpre",NA,NA,8.12864693
"834",834,"Hake",2.227,0.2847,104.825842807072,0.4,"CSTeggs PUTlate Tpre",NA,NA,8.3327094
"835",835,"Hake",2.043,0.2575,104.223092886017,0.4,"DDpre MLDlate PUTlate",NA,NA,8.01260759
"836",836,"Hake",2.227,0.2847,104.825842812676,0.4,"CSTeggs DDpre PUTlate",NA,NA,8.3327094
"837",837,"Hake",1.955,0.3499,101.355009917178,0.52,"CSTeggs MLDlate PUTlate",NA,NA,7.7887094
"838",838,"Hake",2.122,0.2742,104.265419376164,0.44,"CSTeggs MLDpjuv SSHjac.pre",NA,NA,8.1227094
"839",839,"Hake",2.052,0.2277,104.895877337379,0.4,"CSTeggs MLDlate SSHjac.pre",NA,NA,7.9827094
"840",840,"Hake",2.132,0.2694,104.087404402455,0.52,"CSTeggs MLDpjuv Tpre",NA,NA,8.1427094
"841",841,"Hake",2.132,0.2694,104.08740441088,0.52,"CSTeggs DDpre MLDpjuv",NA,NA,8.1427094
"842",842,"Hake",2.064,0.2254,104.925440727034,0.36,"CSTeggs MLDlate Tpre",NA,NA,8.0067094
"843",843,"Hake",2.064,0.2254,104.925440727047,0.36,"CSTeggs DDpre MLDlate",NA,NA,8.0067094
