"","Tpre","DDpre","Tspawn","DDspawn","DDegg","MLDegg","CSTeggn","CSTeggs","LSTegg","PUTegg","DDyolk","MLDyolk","CSTyolkn","CSTyolks","LSTyolk","PUTyolk","DDlarv","MLDlarv","LSTlarv","DDlate","MLDlate","CSTlaten","CSTlates","LSTlate","PUTlate","DDpjuv","MLDpjuv","CSTpjuvn","CSTpjuvs","LSTpjuv","PUTpjuv","SSHjas","SSHjac","SSHmss","SSHmsc","SSHjas.pre","SSHjac.pre","SSHmsc.pre","SSHmsn.pre","year","type","Y_rec","sd"
"1",NA,NA,NA,NA,NA,NA,NA,NA,NA,NA,NA,NA,NA,NA,NA,NA,NA,NA,NA,NA,NA,NA,NA,NA,NA,NA,NA,NA,NA,NA,NA,NA,NA,NA,NA,NA,NA,NA,NA,1970,"Main_RecrDev",2.30702,0.266986858
"2",NA,NA,NA,NA,NA,NA,NA,NA,NA,NA,NA,NA,NA,NA,NA,NA,NA,NA,NA,NA,NA,NA,NA,NA,NA,NA,NA,NA,NA,NA,NA,NA,NA,NA,NA,NA,NA,NA,NA,1971,"Main_RecrDev",-0.0673762,0.837473001
"3",NA,NA,NA,NA,NA,NA,NA,NA,NA,NA,NA,NA,NA,NA,NA,NA,NA,NA,NA,NA,NA,NA,NA,NA,NA,NA,NA,NA,NA,NA,NA,NA,NA,NA,NA,NA,NA,NA,NA,1972,"Main_RecrDev",-0.530829,0.791141557
"4",NA,NA,NA,NA,NA,NA,NA,NA,NA,NA,NA,NA,NA,NA,NA,NA,NA,NA,NA,NA,NA,NA,NA,NA,NA,NA,NA,NA,NA,NA,NA,NA,NA,NA,NA,NA,NA,NA,NA,1973,"Main_RecrDev",1.877825,0.249198284
"5",NA,NA,NA,NA,NA,NA,NA,NA,NA,NA,NA,NA,NA,NA,NA,NA,NA,NA,NA,NA,NA,NA,NA,NA,NA,NA,NA,NA,NA,NA,NA,NA,NA,NA,NA,NA,NA,NA,NA,1974,"Main_RecrDev",-0.978963,0.870550053
"6",NA,NA,NA,NA,NA,NA,NA,NA,NA,NA,NA,NA,NA,NA,NA,NA,NA,NA,NA,NA,NA,NA,NA,NA,NA,NA,NA,NA,NA,NA,NA,NA,NA,NA,NA,NA,NA,NA,NA,1975,"Main_RecrDev",0.68569,0.291554389
"7",NA,NA,NA,NA,NA,NA,NA,NA,NA,NA,NA,NA,NA,NA,NA,NA,NA,NA,NA,NA,NA,NA,NA,NA,NA,NA,NA,NA,NA,NA,NA,NA,NA,NA,NA,NA,NA,NA,NA,1976,"Main_RecrDev",-1.53336,0.87801099
"8",NA,NA,NA,NA,NA,NA,NA,NA,NA,NA,NA,NA,NA,NA,NA,NA,NA,NA,NA,NA,NA,NA,NA,NA,NA,NA,NA,NA,NA,NA,NA,NA,NA,NA,NA,NA,NA,NA,NA,1977,"Main_RecrDev",1.968715,0.239188005
"9",NA,NA,NA,NA,NA,NA,NA,NA,NA,NA,NA,NA,NA,NA,NA,NA,NA,NA,NA,NA,NA,NA,NA,NA,NA,NA,NA,NA,NA,NA,NA,NA,NA,NA,NA,NA,NA,NA,NA,1978,"Main_RecrDev",-1.946,0.896944908
"10",NA,NA,NA,NA,NA,NA,NA,NA,NA,NA,NA,NA,NA,NA,NA,NA,NA,NA,NA,NA,NA,NA,NA,NA,NA,NA,NA,NA,NA,NA,NA,NA,NA,NA,NA,NA,NA,NA,NA,1979,"Main_RecrDev",0.394847,0.400025995
"11",NA,NA,NA,NA,NA,NA,NA,NA,NA,NA,NA,NA,NA,NA,NA,NA,NA,NA,NA,NA,NA,NA,NA,NA,NA,NA,NA,NA,NA,NA,NA,NA,NA,NA,NA,NA,NA,NA,NA,1980,"Main_RecrDev",2.916465,0.215362807
"12",NA,NA,NA,NA,NA,NA,NA,NA,NA,NA,NA,NA,NA,NA,NA,NA,NA,NA,NA,NA,NA,NA,NA,NA,NA,NA,NA,NA,NA,NA,NA,NA,NA,NA,NA,NA,NA,NA,NA,1981,"Main_RecrDev",-1.26547,0.875154805
"13",NA,NA,NA,NA,NA,NA,NA,NA,NA,NA,NA,NA,NA,NA,NA,NA,NA,NA,NA,NA,NA,NA,NA,NA,NA,NA,NA,NA,NA,NA,NA,NA,NA,NA,NA,NA,NA,NA,NA,1982,"Main_RecrDev",-1.08601,0.714366603
"14",NA,NA,NA,NA,NA,NA,NA,NA,NA,NA,NA,NA,NA,NA,NA,NA,NA,NA,NA,NA,NA,NA,NA,NA,NA,NA,NA,NA,NA,NA,NA,NA,NA,NA,NA,NA,NA,NA,NA,1983,"Main_RecrDev",-0.5714255,0.669882516
"15",NA,NA,NA,NA,NA,NA,NA,NA,NA,NA,NA,NA,NA,NA,NA,NA,NA,NA,NA,NA,NA,NA,NA,NA,NA,NA,NA,NA,NA,NA,NA,NA,NA,NA,NA,NA,NA,NA,NA,1984,"Main_RecrDev",2.68993,0.216081993
"16",NA,NA,NA,NA,NA,NA,NA,NA,NA,NA,NA,NA,NA,NA,NA,NA,NA,NA,NA,NA,NA,NA,NA,NA,NA,NA,NA,NA,NA,NA,NA,NA,NA,NA,NA,NA,NA,NA,NA,1985,"Main_RecrDev",-1.960035,0.843196966
"17",NA,NA,NA,NA,NA,NA,NA,NA,NA,NA,NA,NA,NA,NA,NA,NA,NA,NA,NA,NA,NA,NA,NA,NA,NA,NA,NA,NA,NA,NA,NA,NA,NA,NA,NA,NA,NA,NA,NA,1986,"Main_RecrDev",-1.65585,0.817550985
"18",NA,NA,NA,NA,NA,NA,NA,NA,NA,NA,NA,NA,NA,NA,NA,NA,NA,NA,NA,NA,NA,NA,NA,NA,NA,NA,NA,NA,NA,NA,NA,NA,NA,NA,NA,NA,NA,NA,NA,1987,"Main_RecrDev",1.925175,0.234327392
"19",NA,NA,NA,NA,NA,NA,NA,NA,NA,NA,NA,NA,NA,NA,NA,NA,NA,NA,NA,NA,NA,NA,NA,NA,NA,NA,NA,NA,NA,NA,NA,NA,NA,NA,NA,NA,NA,NA,NA,1988,"Main_RecrDev",0.7740345,0.322987322
"20",NA,NA,NA,NA,NA,NA,NA,NA,NA,NA,NA,NA,NA,NA,NA,NA,NA,NA,NA,NA,NA,NA,NA,NA,NA,NA,NA,NA,NA,NA,NA,NA,NA,NA,NA,NA,NA,NA,NA,1989,"Main_RecrDev",-2.16418,0.818166536
"21",NA,NA,NA,NA,NA,NA,NA,NA,NA,NA,NA,NA,NA,NA,NA,NA,NA,NA,NA,NA,NA,NA,NA,NA,NA,NA,NA,NA,NA,NA,NA,NA,NA,NA,NA,NA,NA,NA,NA,1990,"Main_RecrDev",1.500465,0.235968286
"22",NA,NA,NA,NA,NA,NA,NA,NA,NA,NA,NA,NA,NA,NA,NA,NA,NA,NA,NA,NA,NA,NA,NA,NA,NA,NA,NA,NA,NA,NA,NA,NA,NA,NA,NA,NA,NA,NA,NA,1991,"Main_RecrDev",0.26308,0.358121595
"23",NA,NA,NA,NA,NA,NA,NA,NA,NA,NA,NA,NA,NA,NA,NA,NA,NA,NA,NA,NA,NA,NA,NA,NA,NA,NA,NA,NA,NA,NA,NA,NA,NA,NA,NA,NA,NA,NA,NA,1992,"Main_RecrDev",-2.04296,0.854536511
"24",NA,NA,-0.388473997790129,-0.42144546659811,0.867239738518005,0.431212016671914,-1.39613303636449,-0.780843016686988,1.25513175616412,0.74812691275921,0.518197670951742,0.383526191630455,-0.378535027804045,0.397597408422956,-0.0410290139248568,0.269112514289086,0.196593947666405,0.0297210530665554,-0.541043836691568,-0.0202727305771261,-0.432658893637676,0.340013922462376,0.893025882839032,-0.641445681378345,-0.896859820775275,0.609244263865626,0.0176465314528867,0.451698812705688,0.842071674732279,-0.558812521722371,-0.804728704646097,0.590260386624459,1.13467537533211,0.233096304300257,0.464604426795382,NA,NA,NA,NA,1993,"Main_RecrDev",1.233055,0.232753684
"25",0.642322156538734,0.642322156369,-0.545639186947066,-0.578038111341647,0.773774723218795,0.47346066277396,0.192332336170752,1.36505403400634,-0.549387460034495,-0.131359074943533,0.689993847864436,0.620743621998573,0.673698380617711,1.43950695146207,-0.950940887815349,-0.599026172627134,0.222121804256397,0.367618213518409,-0.888925996841734,-0.180668661671412,-0.0636462728837298,0.73184657853752,0.398210187599224,-0.680798013278433,-0.628548934985824,-0.0878019373951688,0.964393810840461,0.967863122061826,0.816978724380345,-0.751637704488574,0.332114268561698,0.0251174358793914,-0.148008722836361,-0.66137049571822,-0.74365881611925,0.590260386624459,1.13467537533211,0.464604426795382,0.883772442959288,1994,"Main_RecrDev",1.26465,0.235726599
"26",-0.58959543659866,-0.589595436150073,0.197002000531548,0.16189768690571,0.535810493103882,-1.9990340394053,1.40408157712697,1.09867189847372,-1.53434243851467,-2.47467891831109,0.826774079780974,-1.76976952154235,2.16012048195047,1.72959288172351,-2.23312616274412,-2.62220146927743,0.660724358483763,-2.13486109546046,-2.2493022592177,0.126089345684574,-1.18155162928819,2.10474899161718,2.03343112064607,-2.273652738246,-1.92583669057958,-0.320457154132078,0.177797501385299,2.23697110456565,1.51408187766729,-2.21277308151409,-1.47300042555304,0.0701196486317337,0.388625780890386,-1.29715769875756,-1.17881404678697,0.0251174358793914,-0.148008722836361,-0.74365881611925,-0.0729062733573877,1995,"Main_RecrDev",0.3079695,0.287185332
"27",-0.451214008774166,-0.451214006905081,-0.625211795401137,-0.511204521800974,0.308286012659622,-1.25589801055761,1.37889151633802,0.924086220498605,-1.21270565354386,-0.489400456673815,0.280238728096042,-1.43403119525053,1.48401087825168,0.813848805150327,-1.0688297651121,-0.667089154782281,0.241465694021991,-2.00757183339187,-0.408970275676876,-0.0744988686000572,-1.86716101813708,0.864126386781813,0.563282548603985,-0.52355427466934,-1.26379353356724,0.278415717678002,-0.561915747445794,0.756385528708579,0.44313904209972,-0.908879589967325,-0.0213797575742054,-1.17582360227981,-0.544144939474141,-0.913949460692159,-1.15393323593244,0.0701196486317337,0.388625780890386,-1.17881404678697,-1.06109022850008,1996,"Main_RecrDev",0.6996405,0.247378357
"28",-0.556494519869884,-0.556494519541889,-1.28053812463306,-1.31025986783874,-0.277721451797589,-0.458214405712956,0.125690009359515,-1.57270514905377,0.712283830653002,1.03192845983665,-0.407706056146385,-0.314772889968996,0.0121662919228404,-1.66698020583914,1.03788949275776,0.94854992256673,-0.541983701614909,-0.160649149544096,1.77538649233667,-0.0851114171391932,-0.212097825191217,-1.55728416340406,-2.11528610039262,2.16015909577054,1.49937445133932,1.67045485668355,0.296275662883414,-1.77058360610181,-2.09824087790131,1.84556354495489,0.944623214884695,-0.915854961268812,-0.43972208694437,1.59376370900649,1.55546210277939,-1.17582360227981,-0.544144939474141,-1.15393323593244,-1.13785155598236,1997,"Main_RecrDev",0.101917,0.305877767
"29",0.704968736704676,0.704968735072954,2.9664753358889,2.92128203246739,2.51440714663997,3.8163462298097,2.83754589647676,1.6937832667587,-2.63367974871535,-2.82022347255829,3.43407585985163,3.86438806579719,2.77704896075618,2.56354207283185,-2.91900295211711,-3.13965593999977,3.26304526482317,3.10650447494947,-3.02149371200158,2.97644895089986,1.67342160479434,2.18803005494737,2.10159178741978,-2.20953542964464,-1.12178323961697,1.24177477955408,1.80154232730252,0.541625335267834,0.355529815237749,-0.611879575893286,-0.00233194195773062,1.72483374566412,1.88271009558627,0.274683229444526,0.410358644417686,-0.915854961268812,-0.43972208694437,1.55546210277939,2.40401620281873,1998,"Main_RecrDev",0.8010245,0.23634098
"30",1.6256294270207,1.62562942819763,-0.869532999603777,-0.900752007061802,-0.613983476822722,0.477238040876111,0.138802961590728,0.521592159554683,0.222086189512999,-0.14893874566872,-0.106363763512441,0.872863715090554,0.236333878014627,0.350181441526035,0.230170712302075,-0.0551562861755926,-0.385983316306809,1.68994517906017,0.341267919726365,-0.62529673404543,3.14047195390449,0.353292304528282,-0.182162397177024,0.195215712597051,0.625288518274666,-1.36867160941108,3.34477196886568,0.168441276143967,-0.633084002999375,-0.213134264101115,0.0514220709415374,-1.73245409748607,-1.78604744676668,-1.38763374722032,-1.38277758873947,1.72483374566412,1.88271009558627,0.410358644417686,-0.150791782682827,1999,"Main_RecrDev",2.68468,0.202953346
"31",-0.2701626873977,-0.270162688294339,-1.21210151728238,-1.1024534863057,-0.389355808560075,-0.654337008069324,0.126506074027485,-1.24848596802866,0.472169461223778,0.903865118594743,-0.451809987718635,-0.84197544416784,0.130372898919558,-1.00813240764636,0.167274310018408,0.888274071129143,-0.822091380749595,-0.906278212189707,0.206292828207575,-1.03548832043797,-0.615238584620671,0.376528005032265,-0.825193528973033,0.209907796654143,0.0924400482696922,-0.0823142621322488,-0.971147500149727,1.134243451811,1.45502984959803,-1.2050712378329,-0.709609622163762,-1.1361595620028,-0.750928622888275,-0.754233494006401,-0.782372798484162,-1.73245409748607,-1.78604744676668,-1.38277758873947,-1.30438250883182,2000,"Main_RecrDev",-1.05894,0.493807718
"32",-0.159491910019847,-0.159491910779385,-0.978671409105298,-1.0094928310878,-0.50042854383129,0.201785377911018,0.271906819959169,-0.392628420580795,0.151195066129564,0.43182510913841,-0.445525909532101,0.402820063271277,0.585841712457033,-0.175839174490873,0.012849563187883,0.47121103217164,-0.676112461405994,-0.470855510287757,0.0547426420899169,-0.761269010407,-0.550636199866403,0.157350724975445,-0.1133635110724,-0.259277025030484,-0.322756863990427,-0.367821305154051,1.20492694197358,0.366508358609533,0.145409194670023,-0.127373930832886,-1.14850854882618,-1.06037739178188,-1.09200792345829,-0.789899342931076,-1.11167956326299,-1.1361595620028,-0.750928622888275,-0.782372798484162,-0.600354121015947,2001,"Main_RecrDev",0.2921025,0.236061784
"33",-0.551872395966534,-0.551872396071676,0.269290325236956,0.233922670540603,-0.875888099270134,0.176890906158059,-1.24281657124153,-0.957280218603474,1.41304357925656,1.30587473696209,-0.585066441811473,-0.112383865702343,-1.0838778475033,-0.577696703871564,1.12098658896457,1.2733299603247,-0.315255903005733,-0.170718121257339,0.517165000851521,-0.0265637513494855,0.440936783134865,0.12545371558585,0.738645589768688,-0.400922265216147,0.376588018410889,-1.18991179610432,-0.950465987223656,1.05711407495805,0.749789011471236,-0.707010462587854,0.244352346028041,-1.03631324558128,-1.16778190282628,-1.11945025403792,-1.02474509464796,-1.06037739178188,-1.09200792345829,-1.11167956326299,-1.26554086193822,2002,"Main_RecrDev",-3.109825,0.560401217
"34",-1.40616956718338,-1.40616956706728,0.729956837516592,0.69291100936634,0.0202486317698415,-0.294114512322897,1.84375581879812,1.0004393223137,-1.52887963618447,-0.350739470120101,-0.218531190038612,-0.356602749358042,1.61745686696086,0.303673249563891,-1.04781743287911,0.0561552797511123,-0.115494556943296,0.410988096254535,-0.755287963214417,-0.451581416387533,0.337877108413233,1.73234770931055,0.112712044825998,-1.01956536250848,-0.56237618367474,-0.588440709197881,-0.742990745340208,1.405491867688,-0.169555092023438,-0.657596165301261,1.36079590659298,-0.353114412935151,-0.165044230050543,-0.637275493858284,-0.427994878098572,-1.03631324558128,-1.16778190282628,-1.02474509464796,-1.45614048782609,2003,"Main_RecrDev",0.572323,0.228231931
"35",-0.526236084953307,-0.526236084349395,0.280857629838685,0.401594920634688,-0.672219247561716,-0.422291837156668,0.854440729906258,0.191514108153428,-1.19772036646805,-0.25715831979395,-0.760111875246773,-0.590923392051401,0.729969690237148,-0.0562850717179016,-0.941665980971402,-0.247469453656861,-0.612930507704881,-0.490306274101708,-0.418670255953196,-0.931558550354197,-1.23998042237378,-0.0191508678889531,-0.481969609742972,0.217190777390076,0.3898229354166,-0.143063458109616,-1.04192741842627,0.386222308316251,-0.33525391451747,0.437632781163101,0.758082585022615,-0.221376871069497,0.0704637526128528,-0.125552721632731,0.0316019263194015,-0.353114412935151,-0.165044230050543,-0.427994878098572,-0.47030878987605,2004,"Main_RecrDev",-3.127965,0.615869402
"36",-0.524995347563615,-0.524995347822897,-0.323550622090893,-0.356758600202961,0.8005019761114,-0.185646004392485,-0.897522856577972,0.00363354474951749,0.40509851785463,0.714810723343941,0.230586875040122,-0.0869333931857006,-0.809747710668368,0.151586948388786,0.052547334873274,0.207745055501471,0.00231344788907672,-0.300324248801312,-0.220343440624426,-0.0144838203986831,-0.404133005449897,0.0961973491491863,0.630249437909731,-0.508745953936946,-0.226755641739192,-0.443864148599902,-0.164564372562501,0.805379899643885,0.810427463149368,-0.781288973906676,0.933621690574539,0.78805393582678,1.0323036933481,-0.779562573112213,-0.398316156493369,-0.221376871069497,0.0704637526128528,0.0316019263194015,0.462342797922726,2005,"Main_RecrDev",1.129935,0.217140944
"37",1.34909417438439,1.34909417541622,-0.406438081657936,-0.43934410817537,-0.987346031864258,-0.390133576502383,1.27356858896929,-0.519298002768249,0.0824996148561182,1.01086112863514,-0.875545085326657,-0.716613071342021,0.77705904753946,-1.11778586525113,0.542695811400523,1.17623730851327,-0.764087774520691,-0.70315437396922,0.689132887011015,-0.481043053426056,-0.707444021933614,0.0407692161018239,-1.37372205935451,0.391046938059381,0.215710727599644,0.581192248943076,-1.31527430187481,-0.992494092491677,-2.07290761536503,1.48826665801029,1.13372535724769,-0.707610775194129,0.0292324196182641,0.492785526490685,0.258215875785632,0.78805393582678,1.0323036933481,-0.398316156493369,-0.258557657006268,2006,"Main_RecrDev",0.83347,0.225543956
"38",1.16617672754136,1.1661767276012,-0.0327755093140303,-0.067042761205159,-0.186840268938823,0.727813509747248,-0.037133158778476,1.41353543072822,-0.673019066354145,-0.630877316737823,-0.15573507027057,0.757959050767632,0.0940815538399312,1.26682897714682,-0.720576478271493,-0.896940467286363,-0.231619875111368,-0.0852743431291607,-1.17909874089754,-0.681781958629273,-0.347909852759708,0.701512657517661,1.35502542463916,-0.983269707617298,-0.409099651800808,-0.970998089730739,-0.789258886576547,0.92990978116522,-0.220348492244198,-0.616893115135036,-0.352876357373598,-0.73525770990099,-1.27506985218914,-1.40282278795612,-1.42149583206859,-0.707610775194129,0.0292324196182641,0.258215875785632,-0.25123825320754,2007,"Main_RecrDev",-3.575215,0.660059307
"39",-0.69105572872571,-0.691055727626952,-1.05579917452102,-0.944990178348917,-1.39733643747719,-0.0379104008118702,-0.490277115256654,0.395716000101868,-0.137329041258909,-0.989546619105299,-1.25987359424095,0.0816948897849191,-0.540727858924345,0.184636190073897,0.275986273306493,-0.565294561407459,-1.24166182486393,0.225279170831624,0.431130026220944,-1.39805201243685,0.65805289756171,-0.265447962143546,0.0720904953595789,0.331602729973495,1.23743891222199,-0.817579598547549,0.355912177449268,-1.18230960122985,0.159963638556065,0.68305115343794,0.624499049489816,-1.53568730377915,-1.6673154648989,-0.202058558822903,-0.439958266956471,-0.73525770990099,-1.27506985218914,-1.42149583206859,-1.14519933243425,2008,"Main_RecrDev",1.869325,0.209096959
"40",-1.69392524256315,-1.69392524424138,0.00484790697595058,-0.0295564029165367,-1.01557644000353,-0.627538432066415,-1.42868792765716,-0.487544755205408,0.390646111949631,-0.316031434655458,-0.8737094081598,-0.595136245041848,-1.46631980962602,-0.383706878710391,0.220088307690622,-0.185819645491467,-0.895324113853017,-0.358959650485656,0.780975142716778,-0.795599928444472,-0.388735839535077,-0.671282094062811,-0.604029971926645,0.541347446852575,-1.11560226699727,-1.01076956033335,-1.12991218684179,0.339836262143146,0.62638755470287,-0.35872865540399,-2.09423692334267,-0.537008590056497,-0.731124646788902,-0.105811370670155,0.176937625734334,-1.53568730377915,-1.6673154648989,-0.439958266956471,-0.587831378740235,2009,"Main_RecrDev",0.4833155,0.278489534
"41",-0.861583786829192,-0.861583786994766,1.11495318286108,1.07650483898648,0.79300454292515,0.771834336129504,0.197700996834984,-0.622599702659666,0.0838780842314001,0.0882035857871209,0.64211468518153,0.686090114681474,-0.291138806271427,-0.375989401090036,0.410032374905487,0.0957060220521869,0.457493973999021,1.23782951545262,-0.512508368897275,-0.259283927972282,1.70399368472067,1.1003198212587,1.57633259593275,-1.15575503645963,-1.40774231138512,-2.18336536553418,0.209090435367889,0.634920341224494,1.57514260083106,-1.50942156633211,-2.07017049656644,0.983779689437264,0.794431140367484,-1.37754435953068,-1.48257418439576,-0.537008590056497,-0.731124646788902,0.176937625734334,0.0437018529796164,2010,"Main_RecrDev",2.907905,0.199560384
"42",-0.803897471525727,-0.803897472791915,-0.218977776896973,-0.252566711163513,-1.40760666928737,-0.548461336242465,0.207824594297921,-0.426960138860801,-0.0622193141787169,0.165887885033523,-1.38839722725171,-0.53826903693209,-0.755763645164741,-0.891465633390177,0.783344315973605,0.686849217003195,-1.19812685024319,0.167757440697271,1.15781798148522,-1.0921783202264,0.519222324409155,-0.565519352219354,-1.14933437522802,0.991203229322802,1.81648239287805,-1.04576393224427,0.598998781338743,0.30016601648305,-0.0471073780199331,-0.27244499634598,1.95815906289587,-0.903732741523014,-0.75164767241382,-0.439028205097265,-0.356414550057379,0.983779689437264,0.794431140367484,-1.48257418439576,-1.33665483985487,2011,"Main_RecrDev",-0.8300225,0.422640426
"43",-1.2417862365593,-1.24178623636274,-1.30829181394297,-1.19935826061347,-0.95540490315802,-0.477629769718833,0.650355170395,0.472228092804711,-0.483954563691735,-0.82167611689485,-1.19463416097565,-0.473669874560779,0.158494091346185,0.402152108016462,-0.459882504106824,-0.908073278598628,-1.3300486359669,-0.29665927928888,-0.328980859607671,-0.98464825551111,0.30876055279204,-0.69258161016531,-0.127567785880948,0.256262442128672,0.218649932217735,-0.795565634716867,-0.238993039788573,-0.185411425132895,-0.306517661961207,0.276481812896098,0.0636389723733473,-0.784171712269196,-1.03300014389759,0.103020099249259,-0.233871789035241,-0.903732741523014,-0.75164767241382,-0.356414550057379,-0.361698370199104,2012,"Main_RecrDev",0.5710345,0.239371122
"44",-1.08353097906659,-1.08353097853558,-0.999202425394409,-1.02994905483803,-1.05828509601953,0.419325844739158,-0.399797485449998,1.19405356481027,-0.335865420362284,-0.606418103070546,-0.986800424804391,0.375998980773472,-0.720699617614916,0.234318093643721,0.37718793688204,-0.0200923718905625,-0.932115348996749,0.18145911727843,0.630747791301848,-0.734852152147282,-1.12129891051544,-0.575004917542786,-0.406916736053183,0.567476756357305,0.0374814573059575,-0.58257170666881,-0.793652416739874,-0.771550986184914,-1.02738036590319,1.0276072899173,-0.260203450255858,-0.423587776633432,-1.04309166657258,-0.175524086997238,-0.0966417446009816,-0.784171712269196,-1.03300014389759,-0.233871789035241,-0.101218477628642,2013,"Main_RecrDev",-0.9457155,0.445993037
"45",-1.55939963478016,-1.55939963392207,0.451328658719479,0.415297853508576,-0.0749475695968467,-0.951348558279274,-0.325170911632986,-0.0987777244796017,0.617361605918975,0.874671980977813,-0.0940032369449298,-0.7856862513497,-0.583225065252661,-0.628695720297097,0.835459206075455,0.97243463248091,-0.0517681160506788,-0.461428259369765,0.860825609172854,0.205673800912518,-0.805103155085053,-0.754265228662502,-0.888334337231904,0.84930134164742,0.337289374690734,1.84095361693107,-0.168314833780546,-1.46510521046563,-1.77747495871513,1.90904960818499,-0.459822315428456,1.12727826690374,0.82025175414686,1.54192884260104,1.38611343057117,-0.423587776633432,-1.04309166657258,-0.0966417446009816,0.169004861000042,2014,"Main_RecrDev",2.15022,0.227204419
"46",0.110319886158565,0.110319886337546,0.377629527875035,0.341867201401224,1.70510552997929,-0.582387045521501,-0.217505284182991,1.7273042029907,-1.2975198498452,-0.908452143793113,0.790454060545122,-0.528669222829537,-0.248318323144595,0.887796160928081,-0.856965114699904,-0.551228937266932,0.588468082477428,-0.371299502016406,-0.185820713712742,0.63026369728764,-0.170478245331579,-1.1321366547194,-0.275113675279939,0.533835313813906,-0.0957175796772919,2.35084304378373,0.909734462430632,-1.57262364935696,-0.928543778001566,1.6561216386139,0.239662879425819,1.89670535378226,1.59526856236835,2.60772352606817,2.54763994604682,1.12727826690374,0.82025175414686,1.38611343057117,0.959231977721954,2015,"Main_RecrDev",-3.334675,0.652479429
"47",1.56335025792671,1.56335025632381,1.59961402638118,1.73014665757077,1.77059301200275,0.454711545711627,-0.291871437893156,1.17221207672753,-0.0474383277865796,-0.220059473629851,1.75646691327099,0.295188284615906,0.022108228292615,1.501233920672,-0.409860612149628,-0.183445782730093,1.46771106980834,-0.572772349171847,-0.726092367533674,0.950758187133023,-0.549487476282093,0.654701281070062,1.03446880520682,-0.819662300661717,-0.986786059276921,0.697336769516971,-1.02238340602971,-0.210194088844925,0.0660285717665153,0.158637218851269,-0.567268174831791,1.45043236491963,1.01542651212104,0.71922067834674,0.25442521143662,1.89670535378226,1.59526856236835,2.54763994604682,1.53657431144486,2016,"Main_RecrDev",1.810195,0.245887832
"48",1.13676860286432,1.13676860200087,-0.17776398975985,-0.211503057442861,-0.263543689644417,-0.932897167531789,-0.732618345228534,-0.798775391625905,0.56527398878727,0.363650512781927,-0.430959236451828,-0.936758393311529,-0.966531286425443,-0.777002455214445,0.899498858104026,0.531253294051669,-0.19766329262428,-0.909077536284507,0.682935171589822,0.147431397115442,-0.497836241476727,-1.09497378438056,-0.49356941847044,1.11247492212345,0.736977682522945,0.378461249397784,0.306309743111957,-0.182894389453242,1.35187018472378,-0.611843945840951,0.994702503089947,1.04888002281907,0.956067619745131,0.517706742015165,0.40978643920898,1.45043236491963,1.01542651212104,0.25442521143662,-0.713593534225003,2017,"Main_RecrDev",0.499257,0.324736786
"49",1.74904318456283,1.7490431849733,0.160950351653257,0.125977371542861,1.32952972724598,0.954738769090629,0.23529725822041,-0.712269133761248,-0.0452420954370569,1.4767975885909,0.85925325256526,0.822089291452941,0.200447560683315,-0.444215616835113,-0.075085526708031,0.685651220319695,0.656331878293586,0.779743427877235,0.0719376957894368,0.784730572993143,0.667191908842279,-0.178991863328074,-0.25225372637647,0.0984130370692709,0.57388953967501,0.439945866557387,1.31498104598445,-0.220165993531565,-0.779932544051095,-0.0343421353017257,1.14526067724582,0.524645153132091,0.223129843680552,0.660100760219983,0.442038002560922,1.04888002281907,0.956067619745131,0.40978643920898,0.292484644260783,2018,"Main_RecrDev",-0.8865055,0.56673768
"50",0.870701507994223,0.870701509749525,1.33184518470769,1.29260671961072,0.946217818391796,1.42381933763343,-0.561230281158101,0.212263797538766,0.216741224231602,-0.353107294097023,1.05860252938342,1.1614110141815,-0.53275078111116,0.188468889698148,0.147302358056291,-0.332741893785342,1.59085164804011,1.43805210039631,-0.319139386606863,2.13523687493435,-0.694274241985223,-0.260871526285492,-0.291927013187559,-0.0494569280882176,0.217000931215638,0.824298828613483,-0.503757854366231,-0.281532585764321,-0.0277889418084271,0.0824480647682022,0.551973676700529,1.0442460925563,1.13881042607848,0.105253256783924,0.484375691036085,0.524645153132091,0.223129843680552,0.442038002560922,0.14858266968605,2019,"Main_RecrDev",-1.26426,0.729419712
"51",0.980905571307625,0.980905571187203,1.84412734617473,1.97647614892109,0.423199891055876,-0.0207139540972537,-1.05793299535293,-1.38802023101414,1.76852434114909,1.07362158561102,0.683679176218596,0.124564821047138,-0.680245374814058,-1.02756109305706,1.14330733257564,1.03564938773913,1.77233975715434,-0.190661371030428,0.374365514385498,2.18670284820097,0.319847907815529,0.523767750510948,0.850563349082583,-0.695771227899045,-1.36839183458432,0.932662881107785,-0.218704273668004,0.224813464750531,1.09199876772953,-0.319400895190342,-1.45486904219655,0.977104000255832,0.795358925023194,0.410348126579043,0.817175308039608,1.0442460925563,1.13881042607848,0.484375691036085,0.609932830947454,2020,"Main_RecrDev",1.61481,0.4133584
"52",0.665094565863505,0.665094566188251,-1.12506025952103,-1.15534840124065,-1.00771773758468,-0.035154237543212,-1.26885094370507,-1.19969220577971,1.30619581566582,0.359250854089108,-0.87687051609692,-0.0514003862770412,-1.52457242521811,-1.12494707296956,1.48245041414521,0.738617068775713,-0.890616284319742,0.377823868524732,1.18390237185195,-0.379535204784535,0.946361747868885,-1.57079305852715,-0.702574799363532,1.2263709537826,1.20424129103959,0.109246570987487,-0.215864439641058,-1.22672337684892,-0.187404415712531,0.959639356981667,-0.846928442418976,0.0560387312230223,-0.358179106375141,0.715244337044745,0.398095329216592,0.977104000255832,0.795358925023194,0.817175308039608,1.14038289821189,2021,"Main_RecrDev",2.394355,0.44319551
"53",-0.104191258916201,-0.104191257971609,0.13015851172863,0.0952977008906148,-0.49029970467597,-0.713356321324684,-0.886106093858401,-1.04758785975544,1.36309150185811,1.26075783464445,-0.334370642675132,-0.699909400189652,-0.806567930910341,-0.95686484713024,1.1584190239321,1.05855659489376,0.0270746071644362,-0.0865190821988317,1.03692079899839,0.254343041267181,0.592145976618177,-1.67411709124052,-1.08800862290543,1.50220738083608,2.20527193976876,0.0887973347277844,-0.120381882626917,-1.05124451778083,-1.26660043124532,0.903176548350341,0.74480355386197,0.318329957303056,-0.153037941719348,0.361312834861131,0.670219726644003,0.0560387312230223,-0.358179106375141,0.398095329216592,0.385944228176172,2022,"Main_RecrDev",0.6987995,0.840439455
"54",-0.233707273427115,-0.233707274481583,0.0889918577721522,0.0542810158351315,-0.61341806752822,0.257890040004595,-0.505045904132924,-1.1326198013469,0.714082292932844,-0.291467056732592,-0.324423851544794,0.384166227968418,-0.270189011336072,-1.20179595173747,0.827292216348481,-0.121097166587507,0.0563484102036863,0.664648534071502,0.960132303741442,0.61608937851766,0.541387385477968,-1.07858629481651,-0.988301601216767,1.03739607025596,0.548102459803753,-0.0446677603356691,-0.552872097304442,-1.59475748305916,-0.125707500846638,1.03085714156847,0.184496388198413,0.63270596880296,1.22939646918125,1.83268667803007,1.92819885908696,0.318329957303056,-0.153037941719348,0.670219726644003,1.4453687593054,2023,"",NA,NA
"55",0.744934771852642,0.744934770493101,NA,NA,NA,NA,NA,NA,NA,NA,NA,NA,NA,NA,NA,NA,NA,NA,NA,NA,NA,NA,NA,NA,NA,NA,NA,NA,NA,NA,NA,NA,NA,NA,NA,0.63270596880296,1.22939646918125,1.92819885908696,1.79401797587172,2024,"",NA,NA
